budget,duration_planned,material_cost_index,weather_delay_days,labor_skill_rating,site_access_rating,project_complexity_rating,contract_type,trend,overrun_flag
4404020,22,1.102439788896696,11,5,4,3,1,0,1
3008768,13,0.7756383328485628,10,4,1,2,1,0,0
4821584,44,1.4908072437830624,6,4,4,3,0,0,0
8152359,37,1.0740934817754997,9,3,2,5,0,1,1
2840549,21,1.027778470239077,6,4,3,1,0,1,0
2840577,23,1.5472350821110206,9,4,1,4,1,1,0
8431857,60,0.8394383666126926,18,3,4,5,1,0,1
5180752,60,0.8686032214920076,14,5,3,3,0,1,1
2466511,14,0.8759449187828586,7,2,2,2,1,-1,1
4526846,32,1.1330321545751294,10,5,5,4,1,-1,0
2475491,23,1.2579079074093993,7,3,1,3,0,0,0
2472059,15,1.3349188670294583,9,3,3,2,1,0,0
3779783,35,1.792998829373742,12,2,2,3,0,1,0
1037196,6,0.7,7,3,2,3,1,0,0
1161298,9,1.3021838972811042,14,3,1,5,0,0,0
2332911,12,1.010717356856942,9,5,1,4,0,0,0
1780315,9,1.0033962127778064,9,5,4,3,0,1,0
3947323,27,0.9950569679365305,9,5,4,4,1,0,1
1895864,15,0.9228075822980066,10,3,1,5,1,0,0
1400889,11,1.5711312086508629,14,5,1,2,0,1,1
7876461,41,1.3605743317534755,11,3,3,3,1,0,1
2854862,23,1.1557989946393437,12,4,4,5,1,-1,1
3404187,33,1.48775393812175,15,2,2,5,1,0,1
1390468,16,0.771867758675281,7,3,4,2,0,-1,1
2358108,16,0.8173237171672684,14,5,4,2,0,1,0
3493985,24,0.7,7,5,1,3,1,0,0
1638683,8,0.9751463649691781,7,4,1,1,0,1,0
4095579,39,1.1904246316761882,9,4,4,4,0,0,0
2279842,17,1.1757146444830835,10,2,5,2,0,1,0
2744154,14,1.18733547776497,13,4,5,2,0,-1,0
2278381,11,0.7972357922334794,12,3,4,3,0,-1,1
9932938,60,1.3507886856535054,17,1,5,5,1,-1,1
3242650,23,1.2099068795597494,14,2,4,3,0,0,0
1733015,15,1.3332635703664995,12,2,1,3,0,-1,1
5354923,25,0.7,7,4,1,5,0,0,1
1571425,17,1.2278727146994475,5,2,1,4,1,0,1
3705460,17,0.8530586900206182,11,3,2,3,1,0,0
1008725,6,1.0506691868621594,12,3,1,3,1,0,1
1473407,9,1.2835912246590957,10,3,1,2,0,-1,0
3678872,49,1.1727734015639781,16,4,4,4,0,1,1
5091484,36,0.9371150050551702,20,4,5,3,1,0,1
3623028,27,1.1515682890461045,8,3,5,3,1,1,1
3049874,32,0.7671161711890891,12,3,1,2,1,0,0
2728705,16,1.4375668489745739,10,3,1,3,0,1,1
1346321,6,1.098678995125937,12,4,1,4,0,0,1
2122475,13,1.4296374860638315,9,3,4,2,0,1,0
2479622,13,1.0183670782259893,6,2,4,2,1,-1,0
6164227,60,1.0191060028983543,9,4,4,5,0,1,0
4017502,30,0.9589533033405383,13,3,5,4,0,1,1
1135037,12,1.3690434829232687,9,4,2,2,0,-1,0
3970689,24,0.9726422106678809,13,3,5,4,0,0,1
2594620,12,1.311148858103794,7,4,4,2,0,1,1
2177845,12,1.0543869005826774,7,1,3,4,0,0,1
4718520,57,0.7,9,3,2,4,1,-1,1
6068364,49,1.0074214830533834,9,3,1,4,0,0,0
5715932,37,0.8552229464092879,9,4,5,4,0,-1,0
1975771,15,1.1584756809205843,10,5,2,2,0,1,1
2715461,13,0.8523980660813774,6,3,3,4,0,-1,1
3987831,20,1.381493775178654,7,4,2,2,1,-1,0
5869776,36,1.1272310349117431,8,4,5,3,0,0,0
2452198,19,1.1056010013103152,3,5,4,5,1,0,0
2924413,27,1.3139730344468956,12,4,1,4,0,1,0
1683186,19,1.3909767335189656,13,1,4,5,1,-1,1
1594827,12,1.144975312057587,11,4,4,2,0,-1,1
5322829,40,0.9571999251126773,10,3,5,3,0,0,0
7376014,43,0.7065075959719676,10,1,4,2,1,1,1
3130783,18,0.9784875607412049,9,2,4,4,0,0,0
5969177,60,0.9956969383380095,7,5,5,2,0,0,1
4061169,31,1.1767643632480742,8,5,5,2,1,0,0
2219801,22,1.0637132797154931,13,4,3,3,0,0,1
4060583,43,1.3219832430128569,18,5,4,4,0,0,1
8226094,42,0.9967541821823276,15,4,2,2,0,0,0
3199497,41,1.1357397082867644,12,1,1,5,1,1,1
8358472,60,1.4459968607992222,7,2,1,2,1,1,0
678848,7,1.2354563034887416,12,1,5,1,0,1,0
5352859,26,1.1349906145778588,13,1,5,3,0,0,1
3444289,22,0.9995138895162057,13,2,3,5,0,0,0
2732139,26,0.9916921508212556,6,3,4,2,0,-1,0
3454044,23,0.9373466867620129,9,4,5,2,1,1,1
991980,6,1.0147482835542752,13,4,5,4,0,0,0
2865337,13,1.3389164596860785,8,3,1,3,0,1,0
4050162,39,1.0945279321769328,8,5,4,4,1,0,0
7934543,39,0.8125567326546921,13,3,3,3,1,1,1
2395345,11,1.5920423232649457,11,4,5,3,1,0,0
2012531,9,1.2299912977862906,12,3,5,3,1,0,1
2419195,14,0.7982641498717076,7,2,5,3,1,0,0
5661736,34,1.039537768189794,10,5,1,4,0,1,0
3981824,30,1.1777215957071043,17,3,5,4,0,1,0
2378888,13,1.5761480233243441,12,3,5,4,0,1,1
4447979,29,0.8729718854352826,14,3,1,5,0,-1,1
3465080,20,1.3940101798389866,7,4,5,3,1,1,0
5845525,43,1.4998716067430857,9,5,4,3,0,0,0
2145253,11,0.9928364237313574,11,1,4,4,0,0,1
2685567,13,1.0806215952849416,14,4,1,4,0,-1,1
2583705,28,0.8909226881565573,14,1,4,1,0,-1,1
1358499,6,1.0991347147299237,6,3,3,4,1,-1,0
3904624,25,1.1408525064142672,16,2,5,3,1,1,1
3823333,19,1.3149124995205925,10,4,3,4,0,0,0
3279062,24,1.4225458677551117,11,1,4,5,0,-1,1
2839810,22,0.9629759838445882,8,3,1,4,1,0,0
1398313,6,0.7,12,2,1,1,1,0,0
2539842,23,1.1446888051809394,13,2,3,4,0,-1,1
2661422,13,1.22338438249216,17,4,4,4,1,-1,0
2020051,14,1.2123544219212603,5,2,5,3,1,-1,0
2967494,20,1.068331688122739,10,2,4,3,1,0,0
4165848,35,1.1811880249159836,4,2,4,5,1,-1,1
10137090,60,1.5288612020880619,11,3,1,3,1,0,1
3630012,30,1.2454335422406273,15,4,2,3,0,-1,0
3815301,50,1.0566578937492288,9,1,5,3,1,-1,0
3126211,28,1.0249505457260009,9,2,5,4,1,0,1
1033784,14,1.1075369105805672,9,3,1,5,1,-1,0
3217424,14,1.5591849904576598,10,3,4,4,1,-1,1
3389314,15,1.1041748226184507,3,4,1,3,0,0,0
14331138,60,1.145051413869823,13,4,4,4,0,0,1
2912677,16,1.0294216072659241,14,3,2,4,0,1,1
3917359,32,1.424745839360491,14,3,2,4,1,-1,1
3201637,18,1.6399593136861688,11,4,3,2,0,1,0
1621388,8,1.262653262357847,4,4,4,4,0,1,0
6489484,30,1.1706932259463563,6,3,1,3,0,1,1
5132789,39,1.1591957082935587,10,4,1,1,1,0,1
5254624,28,0.7,13,4,1,4,1,1,1
1894314,17,1.3362877160712043,11,3,3,5,1,-1,1
7584950,34,1.1835416039989608,10,3,5,3,1,-1,0
1409702,19,1.2570855126651812,14,4,1,5,0,-1,1
4648774,28,0.9721344514790737,14,2,2,2,1,1,0
12167431,60,1.053885780255727,5,4,1,4,0,0,0
1804290,10,1.0472437658742066,11,4,1,2,0,1,0
2327304,26,1.4054057460182596,12,4,1,3,1,0,0
3470436,16,1.0553100408492266,8,3,5,4,1,1,0
2416702,24,1.6706650805274492,12,2,1,4,1,1,1
1289289,7,1.2577156047537592,14,1,5,4,0,1,1
3406301,32,0.831079335001067,14,4,5,4,0,0,0
1728246,14,1.1178634266870107,7,4,3,4,0,1,0
4343345,28,0.987081219460896,9,4,2,5,0,1,1
1882940,14,0.7,15,2,1,3,0,0,1
8285028,60,1.5498677350284473,11,5,1,3,0,0,0
2043241,21,1.3257856355550008,8,5,1,2,0,1,0
2694607,20,1.283301829474828,8,3,5,3,1,0,0
5325996,29,1.191350915074926,7,3,4,4,1,1,1
1562005,7,0.8044956078268906,9,4,2,1,1,-1,0
3747037,45,1.0290957151111408,10,4,1,2,1,0,0
7161898,55,1.3604451936960031,8,5,4,2,0,-1,0
1246076,14,0.8871949925543743,10,2,4,4,1,0,0
3651980,50,0.7,15,3,4,3,0,0,0
3820644,22,1.0932234980547684,6,4,2,2,0,1,0
5225670,32,1.1145606114931152,11,4,4,4,0,-1,1
1556312,16,1.1838908541036772,7,4,1,4,0,1,1
1480256,14,1.332129660878634,12,5,1,3,1,1,0
4471189,60,1.309401453057802,16,3,3,4,0,0,1
3906650,20,1.2146924513109802,10,4,5,2,1,0,0
3799179,17,1.4488828470216772,12,3,4,5,1,0,0
4024329,44,0.7702575547966712,14,3,5,3,0,0,0
2173795,20,1.2761454536193475,8,2,5,5,0,-1,0
3757829,18,1.3066345908342356,2,4,5,5,1,0,1
3897490,18,0.84010942847994,14,5,5,4,0,1,1
2129481,16,0.7742823478294025,12,2,5,1,0,-1,0
10013699,60,0.9635144683810996,14,1,1,4,1,0,1
4343972,57,0.984614639371177,14,4,2,2,1,1,0
1599526,10,1.3383548658756075,7,3,4,5,1,1,1
4847298,37,0.9963653040772262,10,5,4,4,0,1,0
1821536,24,0.935912870429699,11,2,1,5,0,1,1
5242194,33,0.9970915658263602,12,1,1,4,0,0,1
6551190,60,1.4296580835385528,10,3,5,4,0,1,0
1997866,10,1.153260843594238,18,1,2,4,0,1,1
5827074,50,1.105187243660772,12,2,4,3,0,0,1
4187726,55,1.122498625324737,15,2,3,3,1,0,1
5353366,33,1.4730150835816307,10,2,1,4,1,0,0
10201810,60,0.9627070683491894,6,2,3,5,1,0,1
2821465,13,1.4788770727350258,14,5,4,4,1,0,0
2079750,13,1.2026240747303758,8,2,1,5,0,0,1
1917037,17,1.109895154506163,9,3,4,5,0,0,1
2003715,11,1.7752251244835704,11,4,1,4,1,0,1
3121233,28,0.8860901275503508,11,4,4,3,1,-1,1
4011561,19,1.0615785601082484,9,3,3,4,0,1,1
3859369,30,0.8418921902089999,9,4,2,3,0,-1,0
5369846,35,1.3881154926340422,11,4,1,2,1,-1,1
3294619,42,1.5722972334129197,13,4,3,3,0,0,1
7819416,58,1.5674806953511595,3,3,4,5,0,0,1
2789034,14,1.455987188286501,10,4,3,1,0,-1,0
16719754,60,1.1005948830510086,8,3,1,4,1,0,0
4758297,45,1.0586897556275383,9,2,3,5,0,1,0
1954618,18,0.7322075568764836,8,4,4,4,1,0,1
1719363,8,1.658968383795448,9,3,5,4,0,0,0
4366548,20,1.267244519537117,6,5,2,4,0,-1,0
2858828,33,1.027010773782629,9,1,2,3,1,0,0
5017288,36,1.4820142222467418,12,3,5,2,0,1,1
4342420,36,0.9068088708099997,15,5,1,5,0,0,0
3129246,15,1.2516555085556684,9,2,3,3,0,1,1
1966810,23,1.1068427164272912,10,5,3,4,1,0,1
1317295,12,1.309669284970075,8,5,5,4,0,1,1
2500724,13,1.1341066152034696,13,4,5,2,0,1,0
5464806,60,0.7872680272221939,12,3,4,5,1,1,1
3717107,25,1.1688940931675094,13,3,4,4,0,1,0
1548127,11,1.4122160354688404,8,4,2,2,0,0,0
3626971,30,1.1426958985365037,11,4,1,5,1,1,1
4119286,31,1.3437787803972714,16,3,1,4,0,0,1
1923554,12,0.8886176285814866,13,5,5,3,0,1,0
3584878,38,1.1434348016825369,12,4,2,4,1,-1,0
3385205,21,0.9938723862278556,9,5,2,2,1,0,0
1646591,8,1.3367452100261774,14,1,4,4,0,1,1
4051802,22,1.157872890565499,9,2,3,2,0,-1,0
4576617,49,1.322518419084153,13,3,1,4,1,0,1
6260876,60,1.4219276065394664,8,3,2,4,0,1,1
6151959,55,1.3229046437803471,11,4,4,5,0,0,1
1430305,11,1.2182796085734109,8,2,4,4,0,0,0
1862266,14,0.9004469353721486,7,5,4,3,1,0,1
4452699,25,1.1493034723332747,10,3,3,5,0,0,1
4449363,56,1.0167273994960415,9,3,2,4,1,-1,1
4452732,59,1.0639840108239433,14,2,5,4,1,-1,0
32987487,60,1.0563664623124371,16,3,5,2,0,-1,0
4604452,26,0.9050186063044388,12,1,4,5,0,0,0
6461288,60,0.7,7,2,4,5,1,0,0
5794391,34,0.9829642379180582,8,4,3,4,0,1,0
4832307,44,1.1983448629810396,4,2,4,5,0,0,0
2705611,13,0.8129557386431274,10,2,2,3,1,1,1
5154504,25,1.153920559117906,16,4,4,5,0,-1,0
2056065,17,1.625067106077741,16,1,4,3,0,0,0
2836010,27,1.4057641388130597,11,3,2,2,0,0,0
2443108,18,1.5608853772801323,13,1,1,4,0,1,0
3433615,32,1.2477819692331815,5,3,5,4,0,1,0
13108810,60,1.4418774557466114,8,4,4,3,1,1,1
1066231,6,0.9690088173830531,11,1,2,1,1,-1,1
4934471,28,0.9889149332445039,7,4,5,2,0,1,0
1242170,6,0.7,6,5,3,3,0,0,1
2462877,19,1.4465363685105745,14,2,1,2,0,1,0
6283076,60,1.5350809949549715,7,5,4,2,0,0,1
3397559,18,1.0117056886631823,11,2,1,3,0,0,1
1712308,13,1.0865120734006912,13,1,4,5,0,-1,0
2128265,12,0.9615344715772596,6,1,4,4,1,0,0
4914785,44,1.2456633878693728,12,3,4,3,0,0,0
2109117,25,1.4312331363258102,14,3,1,5,0,-1,0
3722385,17,0.7143070065297397,9,3,3,4,0,-1,0
3359635,35,1.252359632660563,9,4,2,3,0,1,0
2211186,10,1.0808320570702135,4,4,2,3,1,0,0
11832569,54,1.1783485979916724,9,3,3,3,0,1,0
4781913,25,1.2647485004185726,8,4,3,3,1,1,1
969867,6,1.1029493903067946,13,5,4,3,0,1,0
3655972,23,1.1241032866485547,5,1,4,4,1,1,0
2197713,10,1.09653120811134,7,3,2,4,1,1,1
5451819,48,1.3925790504470703,10,3,4,4,0,0,0
2031911,14,1.254689990031874,10,3,4,3,0,-1,0
3051543,18,1.2051458844343401,6,3,3,4,1,0,0
4425936,33,0.8322620697269292,7,3,1,4,0,0,1
5495571,40,1.0553550641967113,10,4,5,5,1,-1,1
1590918,13,1.3746672900847934,9,3,5,3,0,0,1
2674570,17,1.1594241432809806,10,3,4,5,0,0,1
2458428,12,1.3148828673972845,15,2,4,5,0,1,1
2208893,22,1.5916279500819084,8,3,5,4,1,0,0
9428735,44,1.409651517302204,11,3,3,4,0,0,1
4168175,24,1.1732895844249356,12,3,5,2,0,0,0
1534123,7,1.022252707451068,16,5,5,5,0,0,1
5670099,36,0.7,6,3,5,2,0,1,0
11678892,60,1.1079037693817868,11,1,4,4,0,-1,1
6073703,60,1.0684968760457876,6,3,4,3,0,0,0
1313726,6,1.2475915485988438,8,4,5,3,1,0,0
2444764,32,1.111523693256328,8,4,4,4,1,0,1
6991087,34,1.0699037351408014,19,3,5,5,0,0,1
2138036,9,0.7051502673731948,14,2,3,3,0,0,1
4266445,37,0.9150080427124833,17,3,4,5,0,0,0
5203179,51,1.2691627602001392,9,3,1,4,1,0,0
1874479,10,1.5789769077831735,11,5,4,2,0,1,0
3154324,29,1.125618654063594,10,3,3,2,0,0,1
467539,6,1.2319527683935307,2,4,3,4,0,0,1
1768013,20,1.3881195392382013,10,3,4,2,1,0,1
2809337,31,0.9472765159499374,12,3,2,3,1,-1,1
1546229,7,1.2417035108213605,9,4,5,2,0,1,1
8705336,50,0.9648774734169603,10,3,5,3,0,0,1
1385976,7,1.3662061096227527,17,5,3,4,0,1,1
2510451,21,1.187850761987933,12,3,4,3,0,0,1
3535779,20,1.2246129534953598,5,1,2,2,0,1,0
7762103,48,0.9543503506453527,11,4,1,3,1,0,0
1381226,8,1.326758089902696,9,1,5,3,0,-1,0
6569171,38,1.671178230307754,11,2,2,2,1,-1,0
3289150,21,0.8980220761429484,7,3,5,4,0,0,1
1814090,13,1.065060248088119,17,4,4,4,1,0,0
4313508,38,1.2079018685420229,9,3,5,2,0,0,0
3683727,19,1.3466015529989541,14,1,1,3,0,1,1
2280419,21,1.0101134286776328,14,3,4,3,1,0,1
3408835,19,0.7,14,3,3,3,0,0,0
2594259,24,1.4897973735410062,6,5,2,4,0,1,0
3499429,21,1.3401265298960356,8,3,5,3,1,0,1
4863546,26,0.7142631173783336,14,4,4,3,0,1,1
8466350,60,0.998107802055111,9,2,4,4,0,0,0
1555504,19,1.5420456073818314,9,4,5,2,1,0,1
11755361,60,1.5119491046144664,9,4,3,4,1,-1,0
1013324,6,1.384660005669736,17,5,5,4,1,1,1
2984458,15,1.1059718915100343,9,1,3,3,0,1,0
4652849,60,1.1707468547031274,8,3,5,4,1,1,1
3869342,21,1.1172685487184684,13,4,4,4,1,0,1
2249863,18,1.4320599458172092,13,1,1,3,1,1,0
2885263,20,0.9310393983762224,13,3,1,4,1,0,1
2431938,11,0.9485500862789488,13,5,4,5,0,0,1
2295316,19,1.4025686467090037,7,3,1,5,0,1,0
5442566,38,1.1389096361221096,16,5,3,4,1,-1,1
4049926,56,1.494616838863452,13,1,4,5,1,0,1
2157054,26,0.9821219482548635,15,4,3,1,0,0,0
5608309,51,1.1363054099152936,12,3,4,4,1,1,0
3930902,52,0.9193967537890115,7,3,3,3,1,0,0
5323903,32,1.1518406703558917,9,5,3,2,1,0,0
4769620,35,0.7803632657503001,11,2,1,4,1,1,1
1987927,13,1.0280916447612591,8,4,4,4,1,0,1
2335861,24,0.7909365337679705,11,4,5,3,1,0,0
5118521,44,1.3234808082978144,13,2,1,4,1,0,0
4714824,27,1.3291473349399128,8,5,3,3,0,1,0
3228276,15,0.7174343173789137,6,3,3,3,0,-1,0
3507438,45,1.4834714363751431,14,4,5,3,0,0,0
7036341,34,1.7743537816049635,14,3,5,3,0,-1,1
2292279,14,1.1615015966840851,7,4,3,3,0,0,0
4539186,29,0.9897214349438387,10,3,5,4,1,0,0
2895546,19,1.8560826477507615,5,2,2,2,1,0,1
2868762,35,0.8202578754243722,4,3,1,2,0,0,1
6320229,60,1.1550266167172745,9,2,4,4,1,1,0
5364157,33,1.1949055681579808,16,3,5,4,0,1,1
5325971,43,1.4862869051131036,13,2,5,3,0,1,0
7154751,34,1.239934743781697,12,1,2,2,1,0,0
3310475,25,1.025341526052887,16,2,4,3,0,-1,0
4921735,53,0.9122039074030108,14,3,2,4,1,0,1
2713744,15,1.064544544938466,5,3,4,5,0,1,0
3970886,34,0.8982681597637139,7,3,1,4,0,0,0
3023465,20,1.1619563299461706,13,2,5,2,1,1,0
3464911,19,1.0089509550348783,8,4,1,4,0,-1,0
4671983,22,0.7764905516775622,7,4,4,3,1,0,0
2000819,10,1.4637864470937259,10,3,5,3,0,0,1
11472143,60,1.02558186914274,15,4,2,2,0,0,0
1787609,10,0.8329657987561718,6,3,3,4,1,0,0
1577712,7,1.1079352163781144,9,4,2,4,1,0,0
6549285,57,1.1670928914919145,7,2,3,4,0,0,1
5256613,60,0.7133833186052415,11,1,2,4,0,0,1
4753880,42,1.2329119167814406,12,4,4,3,1,-1,0
4765949,46,0.8882106078274338,6,4,1,3,0,1,0
3245084,19,1.577757202297697,4,2,3,4,0,0,0
1908155,11,1.2809901280191835,12,3,4,4,1,0,1
3421134,21,1.0500250024726707,11,4,1,4,0,0,0
2177532,30,0.9637080574206622,8,4,1,3,0,1,1
5868278,32,1.123758073109094,11,4,5,4,0,0,1
2992936,25,1.3031976853958223,10,2,5,3,1,1,1
1992103,11,1.1436264678537,6,3,5,4,1,0,1
2695700,17,1.0957102982157858,8,1,3,3,1,0,1
4188104,34,1.164592572704474,13,3,3,5,0,0,0
2330900,25,0.9990352671907612,16,1,1,2,0,0,1
1996024,23,1.0641985182892404,9,4,3,4,0,0,1
3783697,19,0.7,10,3,1,4,0,0,1
3786603,18,1.3934315577130918,8,4,4,2,0,0,0
2411679,14,1.2246994450804405,12,1,2,2,0,0,1
2464198,28,0.9566360389916424,10,2,1,4,1,1,0
3757370,28,1.6246837453388097,14,2,1,2,1,0,1
1371134,7,1.1717541200980965,8,3,4,2,0,0,1
1404963,7,0.8909641070062007,14,4,5,5,1,1,0
2124258,24,1.3641843553676145,12,3,5,4,1,0,1
2876059,41,1.2495120541273155,9,2,5,3,0,-1,0
3939421,22,1.2486449963710546,12,1,1,4,0,1,0
7922471,60,1.0435610988371022,7,1,1,4,1,0,1
5468942,50,1.2626239309445086,11,4,3,5,0,1,1
2969894,41,1.0845604274447262,10,3,3,4,0,-1,0
3231930,21,1.2889853629114605,20,4,2,5,0,-1,0
1791354,9,0.7,15,4,2,3,0,-1,1
3232906,15,1.0415316342552026,9,2,3,4,1,0,1
2749156,17,1.5805387744520485,15,2,1,1,1,-1,0
3967438,26,0.9582331361499248,11,4,4,2,0,-1,0
1990032,24,0.9990404256267033,14,4,3,4,1,1,1
4464232,29,1.0380096653875062,13,3,1,1,1,1,1
8199988,60,0.8462984660278391,9,1,3,4,1,1,1
3062505,19,0.7,13,1,5,5,0,1,1
4160005,32,1.0923534003690967,11,2,3,3,0,0,1
4945983,46,1.1839648560204141,6,1,5,1,0,1,1
2569617,30,1.1368737328653369,9,2,1,4,0,0,0
3739473,31,1.1137803595130282,14,3,5,5,0,0,1
3293809,38,1.1607602177125969,13,2,3,4,0,1,1
3466325,35,1.405710367887691,8,2,5,4,0,0,1
2055838,9,1.1023884535176958,5,4,4,3,0,1,1
3317447,24,1.0064793557281826,13,3,5,1,1,0,0
4407415,29,1.0797186287779783,5,5,5,4,0,-1,1
7808208,38,1.2948366899391939,11,3,2,3,1,-1,1
5812739,26,1.5030067196358123,9,4,4,5,1,-1,0
11898340,60,0.9929640652077053,13,2,1,3,0,1,1
2062834,10,1.1747334467572208,10,3,5,4,0,1,0
5517262,46,1.23458936048399,8,2,4,4,1,0,1
3649151,31,0.9018554983177942,10,1,1,4,0,0,1
12162667,60,1.1551042918032295,7,5,4,4,1,0,0
2012767,11,0.7835815356644762,9,3,2,5,1,1,1
1975173,11,0.7077374240651502,9,5,1,5,0,0,1
2281547,19,1.2416866019730641,8,3,1,5,0,1,0
914070,10,1.0540313146673042,15,3,5,5,0,0,1
2384612,14,1.2005701019053048,8,3,3,4,1,1,0
2073026,23,1.1455262557479124,15,4,1,4,1,0,0
3577719,22,0.9058999878340506,10,3,1,2,1,0,1
4013015,23,1.1386864245089159,4,5,2,3,0,0,0
10076358,57,0.8417246737462861,5,1,2,1,0,1,0
5781965,31,1.49774308950035,13,4,2,2,0,1,1
2312541,11,0.811007413785009,8,3,5,3,1,0,0
1906827,13,1.1010536822578545,8,2,1,2,0,0,0
4391368,24,0.8894321029881878,11,3,2,5,0,1,1
1480455,9,1.2926052933401988,10,3,2,5,1,1,1
9809631,60,1.0671421571796242,9,2,4,2,0,0,0
6633638,60,1.0203333200946973,8,2,4,3,0,-1,1
2466953,21,1.3633003862628885,8,3,2,5,0,-1,0
1169537,8,1.1573576479193879,9,3,5,5,0,1,1
7365543,45,1.2791611114839918,4,3,3,5,1,-1,0
3051903,15,0.9046685158706337,9,2,4,5,0,0,0
6870103,60,0.7987957640181231,11,1,4,5,0,0,0
1255875,14,1.1768019905100333,13,5,1,3,0,0,1
2281571,10,1.0702884111263171,11,5,1,3,0,0,0
3279318,38,1.306608668113486,12,3,2,4,0,0,1
3362476,23,1.1300228868343625,8,5,1,3,0,0,0
2495402,15,1.2012688348086573,8,4,1,5,1,1,1
4750260,31,0.7441543675146891,10,1,3,4,0,1,0
1722741,20,1.6221092349035642,6,2,5,4,1,-1,0
3001348,38,1.108939503741992,10,5,2,3,0,-1,0
3513690,40,1.3243967425847996,17,3,3,4,1,0,1
4451106,28,0.9409770824450933,4,4,2,4,0,1,0
5010112,33,1.2270024755543352,8,4,5,5,0,1,0
1664798,15,0.8242888091188136,8,3,2,3,1,1,1
1302155,7,1.2630169595649177,7,1,1,5,0,1,1
7036391,36,1.0610064789035416,15,2,5,5,0,0,0
3990345,52,1.1572976259838919,6,1,3,4,0,-1,0
2086311,14,1.3244935075325244,5,2,3,4,0,0,1
8291083,47,0.8418649221949299,6,3,4,4,0,1,0
3503961,32,0.9788770673468007,9,2,3,3,0,0,1
6633070,57,1.2643310702716912,14,2,4,2,1,1,0
3404167,21,1.6745553686366867,12,3,1,5,1,1,1
11256415,54,1.1154794163346295,7,3,3,4,1,1,1
9371694,48,1.297784029480983,7,3,5,3,0,-1,0
2815418,17,1.12325713253538,6,3,4,4,0,-1,0
5855796,32,1.6355613986890747,10,3,3,3,1,1,1
4814898,38,0.713194583258686,11,5,1,2,0,-1,0
7431058,44,1.1736552611673394,7,2,5,4,1,-1,0
1832232,13,0.7436139916094846,6,1,5,3,0,1,0
4933853,50,0.7,12,4,1,2,0,1,0
6169045,35,1.224365513279454,8,3,3,3,1,0,0
1137969,7,1.1848744490368646,9,4,2,4,1,1,0
1607265,12,1.0787907655644495,11,2,3,1,1,-1,0
961702,6,1.1234514774900617,12,4,4,3,1,0,0
2781096,38,1.9245748585178144,8,5,4,3,1,0,1
5027962,42,1.0854562154921412,13,3,3,1,0,1,0
8051864,60,1.2775310903125185,7,2,4,2,1,-1,0
3417626,18,0.9876587950965297,10,4,2,2,1,0,0
8685533,49,1.2238081437601507,12,4,2,2,1,0,0
1428219,11,1.0904415812360955,9,4,5,5,0,1,0
1176401,6,1.0473703793175675,15,1,4,3,1,0,1
3161861,24,1.604724633050081,12,4,3,2,0,0,1
4116193,22,1.4442962407960847,11,2,5,2,0,-1,1
3205514,23,1.1841866618498076,9,2,2,3,0,0,1
945562,7,0.7,7,3,5,4,0,0,0
3098807,14,1.0597476941868575,7,2,1,3,0,1,1
1494523,13,1.8257568911012707,6,4,4,2,1,0,1
4885604,55,1.0923345833400728,8,3,3,3,1,1,1
4073279,25,1.4258043930134146,12,2,2,4,0,0,1
1859972,8,1.5104856004881502,14,4,5,1,1,0,1
2401681,18,1.2047409789639936,9,5,3,4,0,0,0
1731453,21,0.9395445920329618,13,2,4,3,0,0,0
3148360,26,0.7,10,3,3,1,0,1,0
5798358,39,1.3210408021522386,7,3,4,4,1,1,1
1809505,19,0.9463109992941129,6,3,4,4,0,0,0
4423438,26,1.194037612971923,6,2,4,4,0,-1,1
2378178,10,0.8375449151026588,12,3,5,3,0,-1,0
2031482,14,1.0836906148824494,7,1,4,4,1,0,0
3065685,24,1.1584297637252632,7,5,3,3,1,1,0
1756536,13,1.2171483952610744,11,3,1,4,0,1,0
2345033,26,0.8712944531618964,13,3,3,4,0,0,1
1593228,7,1.449227737190338,15,3,5,2,1,-1,0
10626219,60,1.000776303817007,9,3,4,4,1,0,0
3338920,26,0.7313826348866885,13,3,1,4,0,1,0
2148251,12,1.122744145009134,6,3,5,3,1,0,0
3716853,27,1.158593827256615,9,3,2,5,1,0,0
3055956,18,1.1901473582929398,10,2,2,5,0,0,0
2863107,36,1.4905331009212697,11,2,2,2,0,-1,1
4725576,24,1.090887790816035,5,3,1,5,0,0,1
5149986,24,1.1200950939078071,14,4,3,3,1,1,1
2377831,14,0.8742039046917265,23,2,1,4,0,1,1
2314048,10,1.3551383757219742,8,1,1,5,0,0,1
2771693,29,1.1960772660195258,14,2,1,4,1,-1,0
821467,6,1.0449930681764592,11,5,2,3,1,0,0
1317024,8,0.7,10,4,3,5,0,1,1
7423227,47,1.5111030487637718,15,3,1,3,0,-1,1
8771168,60,0.8430800088859856,13,5,3,3,0,1,0
2815297,23,1.0021804976575734,5,3,4,3,1,1,0
4620133,51,1.2395861277690008,11,5,1,5,1,0,0
3940231,30,0.8508605178458283,8,2,1,5,0,0,1
20734892,60,0.7766225554367141,13,2,1,3,0,1,0
6399592,35,0.7,11,3,4,5,1,0,1
3027505,29,1.3302492382264088,10,3,4,3,0,-1,0
1842577,23,1.0137034388184194,6,3,2,5,1,-1,1
1246851,8,1.8818175231183325,12,3,5,4,0,-1,1
3693474,23,0.9014112335922816,7,3,3,1,1,1,0
2076490,10,0.9196372441427696,11,2,5,1,0,0,0
1392550,8,1.0086517574286495,12,1,1,2,0,0,0
2217866,18,1.210783663784622,6,5,1,2,0,1,0
1708405,8,1.032449165303672,8,4,2,4,1,0,0
8995949,59,1.303083053500628,12,5,5,3,0,1,1
5548198,60,0.9053529025028363,12,4,1,5,0,0,0
3253417,21,0.8046020703841046,12,4,5,4,1,0,1
7944309,38,0.700446315147723,13,3,2,4,1,0,1
3424345,26,0.7,9,2,5,3,1,1,0
1949784,17,1.0204827451312357,16,2,3,5,0,1,1
8152820,60,1.0747549219016945,13,2,2,4,1,-1,1
4516943,48,0.9921407431292041,8,4,5,5,0,1,0
1754426,13,1.4608514492967903,10,2,1,5,0,1,0
2916214,18,1.4570075524020336,12,5,4,2,0,-1,0
1933087,23,1.0662992531388744,4,3,4,2,0,-1,0
1425909,6,0.7015197217020092,9,4,2,5,0,0,0
5698460,31,1.0083237229862367,13,2,4,5,0,0,0
10279374,60,1.0000446515207346,5,2,3,4,1,0,0
1412482,7,0.9857162594304854,5,5,2,3,0,0,0
4582620,55,0.9755702740254387,8,2,1,4,0,0,1
2212457,15,0.986634276068798,10,2,1,3,0,0,1
2440527,14,1.05336459602556,8,2,2,3,1,-1,0
2291148,11,0.9911147252961108,10,2,4,3,0,0,0
1946620,10,1.202080627156398,14,2,4,3,0,0,1
3365587,30,1.2400921789762152,7,3,1,3,0,0,0
1985596,9,0.9223387282043775,5,3,3,5,1,1,0
3844961,43,1.4677663315017582,9,3,4,5,0,-1,1
3171950,15,0.9049844245398464,9,2,3,5,0,-1,1
2832389,13,0.7455498465461656,10,4,4,5,0,-1,1
1896388,19,1.245194517841263,6,4,2,3,1,0,1
2312725,12,0.945647966396415,10,1,5,5,0,1,0
5143450,60,1.230322867689347,9,3,1,5,1,0,1
4415140,33,0.7,8,1,2,5,0,0,1
1818398,12,1.4981139853707668,5,4,4,4,1,0,0
3469771,22,1.3180733520101005,18,4,1,3,0,0,1
5131108,24,0.7748808627092495,21,5,5,1,1,0,0
1200629,7,0.7803057190384285,14,2,5,2,0,0,0
4529019,31,1.5680664760243819,16,3,4,5,0,-1,1
2196609,11,0.9656550241255103,11,2,1,3,0,1,0
4603646,21,0.941453787816844,7,3,4,5,1,0,0
2067900,28,0.7,9,3,5,3,1,0,0
1106896,6,1.0623054485996113,18,1,2,4,0,0,1
1231168,14,1.0930700962910618,7,4,2,1,1,1,0
3364705,17,1.3288732741923712,6,3,3,3,0,-1,0
3820277,34,0.800230392953881,9,4,5,3,1,-1,0
1900086,21,0.7699283019398475,9,2,5,4,0,0,0
4795341,35,1.2627406586941192,12,5,4,2,0,0,0
1206323,7,1.401682517806766,9,5,3,4,0,0,0
3141943,24,0.7572119122205292,10,5,3,3,1,1,0
1580718,20,1.4203785215749352,13,4,1,5,1,0,1
2210873,13,1.1593854603717053,14,4,4,2,0,1,1
3363320,16,1.4229513347686613,10,3,2,4,0,0,0
1950803,15,1.1324449096205957,11,2,1,3,0,1,1
2595440,25,0.7,14,4,3,4,0,0,1
5979070,43,1.11200815442099,12,4,2,3,0,0,0
2312558,29,1.4150359546678173,13,5,5,4,0,1,1
5397331,27,0.9265634952290713,8,3,4,5,0,-1,0
1659747,8,1.0530087577731368,11,2,3,1,1,1,1
4492332,28,1.1059666241122554,12,4,5,1,1,0,0
7763479,60,0.7,13,5,3,4,0,1,1
741932,6,1.567836893859369,6,2,2,4,1,0,1
2026585,13,0.9246560800257063,11,3,1,3,0,1,0
4621561,23,1.2764338581181995,16,3,2,3,1,-1,0
2894065,17,1.1283247159629477,14,2,4,1,0,0,0
4084408,21,1.4644047640898399,10,1,4,2,1,1,0
2275269,14,1.25151403060702,9,3,3,3,0,1,0
3443344,26,1.0912689321197562,7,4,2,5,0,-1,1
2977497,13,0.9266212268701799,11,1,1,3,1,0,0
6587399,43,1.3494626753455345,3,3,4,4,0,0,1
3808144,23,0.7,4,4,1,5,0,-1,0
4003027,38,1.3114726050689731,11,5,5,3,1,0,1
2553240,15,0.8752388121112817,11,5,3,4,1,1,1
2439823,15,1.46307091548916,8,3,1,5,0,0,1
2521753,25,1.1903248856656736,11,5,3,3,0,0,1
4141925,52,1.311030941962527,12,1,5,3,0,1,1
2539326,15,1.1704972034561798,9,4,1,5,1,-1,0
3889786,21,0.7119057262147508,8,3,1,5,0,0,0
11355814,60,0.9348177091511654,13,2,5,3,1,1,1
5513305,53,1.3180973344028455,9,3,2,2,0,1,1
2688209,15,1.191663954339961,8,2,1,3,0,1,0
6720871,60,1.445247476326418,10,4,1,3,0,1,1
2559070,18,1.250818640759293,8,3,4,3,0,-1,1
962342,10,0.908324527324335,12,3,2,4,1,0,1
1785391,18,0.9509839655698414,11,2,1,5,0,1,0
1063977,10,1.1757293476308093,8,2,5,3,1,-1,1
2647408,20,0.7,5,5,3,5,0,-1,1
3305343,42,1.5683604714057462,13,4,5,2,0,1,0
8938357,60,1.2604366840943892,12,5,2,1,0,1,0
3977469,27,1.456758649262218,10,2,4,4,1,0,1
2866320,20,0.7548490147977076,6,2,4,2,1,1,0
5377011,42,1.4611412900888139,9,3,4,3,0,1,1
867454,6,1.707874727756937,6,3,5,5,1,1,0
3765415,41,0.8197804111556706,11,2,3,3,0,1,1
5191426,35,1.3428504487259416,9,4,3,4,1,0,1
1346269,16,1.1502774861718232,9,3,1,3,1,1,1
6493111,60,0.7638915379379388,10,2,3,1,1,0,0
4005175,25,1.2732209929629674,8,3,3,4,1,1,1
2548020,16,1.358400801209337,10,3,1,5,1,1,1
4778652,23,0.9997183618327882,9,4,5,3,1,-1,0
12767529,60,1.4414791300638057,12,3,5,4,0,0,0
3645921,17,0.7333091483027006,10,3,2,5,0,0,1
3794003,49,0.7763109633875889,8,2,5,4,1,1,1
2481524,29,1.184149348897188,10,5,4,2,1,1,0
1963213,25,1.1563463194930679,12,5,4,4,0,0,1
5380013,55,0.9708566278939736,10,4,2,4,0,0,0
1955877,12,1.3523986089929714,11,1,3,4,1,1,0
3412445,20,1.2827235785539872,16,3,2,3,1,0,1
2454431,31,1.3645347677335038,8,3,1,2,0,-1,1
4357407,20,1.119215891161933,13,5,2,4,0,0,0
3993574,20,1.300645066994585,8,5,2,3,0,1,0
6092225,53,1.0385874242425013,8,4,4,4,0,1,0
2407236,29,1.6634546725216488,6,1,1,5,1,0,1
2780315,29,0.9468635574695035,4,5,1,5,1,-1,0
1817080,20,1.676324357364578,15,3,2,3,0,0,0
2504060,28,1.1587219867723522,8,4,1,3,0,1,1
4099519,27,0.8061222776078143,11,3,1,4,1,0,0
5148382,48,1.4920198376221503,11,3,5,4,0,0,1
1879846,15,1.1814753470987396,10,3,1,5,0,-1,0
5508283,25,1.3627810245950593,5,2,3,4,1,1,1
7373350,42,1.4559639796356483,4,3,1,3,1,0,1
4189370,19,1.2344888885362562,7,4,4,4,0,0,1
10080137,60,1.0019397887967962,13,1,5,4,1,1,1
2054876,16,1.3939283444173125,8,2,4,4,0,1,1
1549134,10,1.1501888768636488,10,2,4,4,0,0,0
1124408,13,1.3214644546521046,5,3,3,2,0,0,0
8021424,60,0.7,5,5,5,1,0,0,1
4840939,28,1.2617454292524628,5,2,2,3,0,-1,0
3161791,19,0.9903535437137424,13,2,1,3,0,-1,0
3866967,29,1.5633274092946325,13,5,3,2,1,0,0
1663952,11,1.3057718369722737,8,4,3,5,1,-1,1
14181533,60,1.209964436462324,10,1,2,3,0,1,0
3532557,47,1.2715774983375554,13,4,3,5,0,-1,1
3490783,29,0.9003897867808204,13,4,2,2,0,0,1
5052834,52,1.5558141726320134,11,4,2,2,0,0,1
4362716,51,1.647842604604226,16,3,2,3,0,0,1
3739006,17,1.248228377637054,8,5,3,2,1,0,0
2034407,12,1.5476008921434095,12,1,2,5,0,1,1
4337813,24,1.0077129503318665,12,2,3,1,0,0,0
10111810,60,0.9507216084437548,7,3,5,3,0,1,0
7328284,56,1.1602311871822306,8,3,2,5,0,0,1
8502850,60,1.2587352595919745,13,5,3,3,1,-1,0
2405505,28,1.0515033296892198,5,3,3,2,0,0,1
1805299,18,1.2844420475921208,9,1,3,3,0,0,0
3031377,15,1.2265973705183535,10,3,1,3,1,1,0
3380164,19,0.9004233061772362,5,3,1,2,0,1,0
6302865,41,1.2796982543629303,16,5,2,3,0,-1,0
1184132,8,1.3658820606303803,8,3,5,5,1,-1,0
8184315,39,1.1928673293975975,15,3,2,5,1,0,0
2973336,36,1.438162025815423,11,4,4,1,0,1,0
2530358,22,0.845649051625762,8,4,4,2,0,-1,0
1781092,14,1.2669876055329627,12,3,5,3,1,0,0
1211156,6,0.8574298234008062,9,2,5,4,0,0,0
5356933,24,0.8714796604417281,6,4,5,3,0,0,0
3416033,32,0.9922672915655524,7,4,1,5,0,0,1
1507590,7,0.9144849541064387,13,4,1,4,0,0,0
1502968,7,1.0130010453147156,15,5,4,2,0,0,1
2672511,25,1.0964624223222028,8,4,5,4,0,-1,1
8898674,60,1.359288621582846,7,4,3,2,1,-1,0
2797523,21,1.0697102403235743,13,5,4,3,0,-1,1
1326579,6,0.7535935733076018,12,2,5,2,0,0,0
2820865,29,1.43501696162379,8,3,3,2,0,0,0
2775567,14,0.94072746659624,10,3,5,4,1,0,1
648143,6,1.1353198932238426,4,3,2,4,0,0,0
3164238,17,1.2616341267351778,11,4,3,2,0,0,0
2846040,21,1.1999026046006955,7,4,2,5,0,0,0
4964006,31,1.4235448868803688,10,4,1,3,0,0,0
9913159,50,1.2697507858481896,6,5,4,2,1,0,0
6426489,33,0.9346726050757229,13,2,5,2,0,-1,0
2781961,13,1.6946405434979153,11,4,4,4,0,1,0
1682993,21,1.1985833658345582,11,3,5,5,1,-1,1
15309986,60,1.1131649433446233,14,3,2,4,0,1,1
3387257,37,1.3909813557638926,8,2,3,5,0,1,1
3296452,24,1.212362736482518,3,4,3,3,0,0,0
3222039,21,1.2498070482348318,9,3,5,3,1,1,0
3681573,28,1.7730459996501717,15,4,2,4,0,-1,0
2997783,20,1.0812196429362382,10,3,5,4,0,-1,0
2317044,10,1.070559776495651,8,2,5,3,0,0,0
2354607,26,1.179144628003116,10,3,5,5,0,0,1
3205401,18,1.4178789838952595,10,3,3,1,1,0,1
2359464,18,0.7733664924524002,13,5,5,3,1,0,0
2131406,23,0.7,18,1,3,4,1,-1,1
3484580,37,1.003221182344963,13,5,1,4,1,0,0
2805279,13,0.7415192602351781,11,5,2,3,1,0,0
8059771,39,1.0437921631185902,10,5,1,3,0,0,0
666248,6,1.2756249240323225,12,3,5,3,0,1,0
6292720,28,0.927312784111934,9,5,3,4,0,0,0
6904273,60,0.7932933558046643,11,3,2,4,0,0,1
942193,7,1.1673342904288369,6,1,4,4,0,0,0
2661465,15,1.3656358711537924,5,2,2,3,0,1,1
2615943,18,0.7262566403708468,13,5,2,5,0,-1,1
1404922,10,1.355058099576496,6,1,5,5,0,1,1
2049917,16,1.3543265509345814,10,3,1,3,1,0,0
1678908,10,1.388521275539157,8,1,1,2,0,0,0
9354445,59,1.4546200537179215,14,2,4,3,0,1,1
5731036,60,1.7005034811649038,10,1,5,3,1,1,1
7010594,49,1.0609769878452362,7,4,2,5,0,0,0
5040436,32,1.1773928950194645,15,3,1,4,0,-1,1
1660399,10,1.0458903916879936,6,5,1,5,0,1,1
2386379,23,1.1504942111889527,12,4,3,3,1,0,0
4384669,24,1.5332183389090779,8,5,2,4,1,0,1
1570215,21,0.8137463790173327,7,3,5,3,0,-1,1
5014273,40,0.934737581958606,9,3,1,2,0,0,0
2830049,15,1.4942952341261402,8,3,5,4,0,1,0
2610644,16,1.4050091267255223,7,3,2,2,0,0,0
5008144,45,1.0592170882957304,10,4,2,4,1,1,0
4267582,24,1.3636005002801799,12,3,1,4,1,-1,0
2632436,16,1.2353039606230083,8,4,4,5,0,-1,1
6554077,34,1.5250686522502468,12,4,5,2,1,0,1
1708902,9,1.168627398456693,7,2,5,4,0,1,1
4730594,29,1.4064080284681455,8,4,3,5,1,1,1
4666224,32,1.810502977623155,7,2,2,5,1,1,1
2714917,30,1.2995247887618664,12,3,2,4,0,-1,0
3975574,36,1.1623320414487108,9,4,1,4,1,1,1
1543143,11,1.3306117463052447,7,5,1,3,0,1,1
5691111,35,1.0586797854490286,13,1,1,4,0,-1,1
2925742,19,1.7469919263811828,8,1,3,4,1,0,0
2388954,21,1.1950177594239952,11,1,4,4,0,0,1
6134293,60,1.0817666699436217,13,3,1,4,0,0,1
2142306,14,0.9410777487449908,7,4,1,3,1,1,1
1404122,12,1.4243050479016095,7,4,1,2,1,-1,0
1284682,7,1.3667968532069346,6,4,3,4,0,0,1
4702505,60,1.0256614071464767,13,4,5,3,0,0,1
1516237,9,1.2941128362806056,9,3,4,3,0,0,1
9368621,44,0.7728610079467858,11,1,5,1,0,1,1
937378,9,1.196242643768289,11,1,2,3,1,0,1
9046367,60,1.2631890880191736,7,4,2,5,0,0,0
3710252,44,1.5768324523898056,3,4,1,4,0,1,1
3084722,18,0.9572952993178275,6,4,5,1,0,1,1
2357349,15,0.8304118427994188,12,3,3,3,0,0,0
4153582,31,0.9261430097687395,7,3,4,3,1,0,0
3196027,21,0.8158578749212699,4,5,5,3,0,0,0
6337412,30,1.4841643394397457,17,1,5,3,0,1,0
3500920,35,1.5371598237560091,7,4,4,5,1,1,0
3577522,48,1.230054144487207,11,3,5,1,0,0,0
2628260,13,1.455323736421287,11,1,5,4,0,0,0
3159210,20,1.1834895951450588,10,4,4,5,0,-1,1
3932087,19,1.1262220880748084,8,3,3,5,0,-1,1
1171621,7,1.0667405952365594,11,4,4,2,0,0,0
1455832,7,1.0724022521556085,12,4,1,4,0,0,1
5106161,37,0.763049610922742,14,3,1,1,0,-1,0
3621936,19,1.2160636909018347,13,4,1,3,1,1,0
2927355,14,1.139916522446489,9,3,1,2,0,0,0
3305374,21,1.3363401810194688,12,2,2,5,1,1,1
4027067,41,1.1733808741096523,11,4,3,2,1,0,0
2364658,21,1.1093240746077269,5,3,2,4,0,1,0
2049317,20,0.9322017424980922,11,1,5,4,0,0,0
3676630,34,1.1680383092054403,9,5,5,5,0,0,1
1817506,15,1.3345593077040405,7,3,4,4,0,0,0
4176364,27,0.8641652522290347,7,4,1,3,1,0,1
1176965,7,1.1718684384201847,14,4,4,3,0,1,1
6061654,45,1.2082607378823709,9,3,5,2,1,0,0
4340753,26,0.9704838040954338,4,3,1,4,1,0,0
3811821,46,1.0030359237729998,12,3,3,4,0,0,1
5894997,60,1.2076527121915535,10,3,5,4,0,1,1
8879756,60,0.8666447454268442,8,4,4,1,0,-1,0
6008117,40,1.237480928812348,10,4,4,4,1,-1,0
1083249,10,0.9261614065852,13,2,5,4,1,1,0
1517012,13,1.415713423258304,8,3,2,5,0,-1,0
2247005,17,1.7344569363470748,7,5,3,4,0,-1,0
3320595,17,0.9348107995745449,15,3,5,3,0,0,0
4459714,60,1.2835519655936687,5,4,5,3,1,0,0
2114975,12,0.9683145237794951,6,4,4,2,1,0,0
3656657,21,1.4102385434494473,16,3,1,4,0,0,0
2077696,10,0.8336853977286962,8,3,1,4,0,1,0
2265009,10,1.270146689606928,9,4,1,3,0,1,0
1405640,19,0.9317527582776617,11,3,4,2,0,1,0
1878642,20,1.0982538527254078,10,3,1,2,1,0,0
1452779,7,0.8922436812131731,4,4,5,5,0,-1,0
1820234,13,1.3555876177239383,12,4,2,3,1,1,0
6151368,39,0.9407549113901031,9,2,2,3,0,-1,1
1849379,10,1.2879910648329569,9,2,2,3,0,1,1
15861878,60,1.0639754929344167,8,2,1,3,0,-1,0
4395055,20,1.1213819070502842,6,3,2,4,1,1,0
3652424,16,1.186938976850032,9,3,1,5,1,1,0
1953211,10,0.9595438320852877,8,3,5,2,0,0,1
4976243,44,1.2025917783852216,8,1,5,4,0,0,0
2314298,11,1.5325836410886027,12,3,4,3,0,0,1
3517305,45,0.9554763035418213,10,3,4,5,0,0,1
15188524,60,1.4429525358184612,8,3,3,3,1,-1,0
3085931,15,1.524524408371946,12,3,5,1,0,0,0
6514649,60,0.9459612527429889,9,2,1,4,0,0,0
2143807,20,0.7862363487273619,8,5,3,2,1,0,0
3201105,35,1.2254902250429411,4,2,5,1,0,0,0
9459029,47,1.0131481193082816,11,4,1,4,0,0,0
2244110,15,1.6171508047907506,8,5,5,4,0,-1,1
9698377,56,1.158701885124958,8,3,5,3,1,1,0
4998513,47,0.9494501479912051,12,4,1,4,0,1,0
2332660,12,0.863210122247072,12,2,5,4,0,0,1
4777579,25,1.4224762397727075,9,3,5,4,1,-1,0
5859252,50,1.0072040064789534,11,3,5,4,0,1,1
4747297,36,1.160957199865107,12,1,4,4,1,-1,1
1274245,12,1.38895068627812,11,3,2,2,1,-1,0
2113207,9,1.0289354120172924,10,3,5,3,1,0,1
2817861,16,1.1385177928149597,12,4,1,3,1,0,0
3126234,14,1.1458578975443698,16,5,5,3,0,-1,0
4744057,41,1.3208311278790228,10,1,4,4,0,1,0
3636821,19,1.2976860838775814,7,3,4,3,1,0,1
1467092,7,1.0949715671862927,10,3,5,2,0,1,0
4106652,23,1.1659122653741294,6,3,3,3,0,-1,0
4715433,21,1.057055247119128,12,4,2,3,1,1,1
4573888,35,0.7805968982701388,6,3,1,4,0,0,1
6252353,60,1.2144002143495323,12,1,1,3,0,-1,0
5391602,31,1.623047940208267,11,4,1,4,1,1,1
4305948,24,0.9290702148272342,11,4,1,3,1,1,1
3134250,20,0.9567425725993242,7,3,4,5,1,-1,0
1206728,11,0.9323180570890646,11,3,2,5,1,1,1
4230246,29,1.3311479446807806,7,2,5,4,1,0,0
3702847,31,1.26212136354911,7,2,5,5,1,1,0
3847550,28,1.1103655768958858,12,2,3,4,0,1,1
1519589,9,0.9204952345902586,10,3,5,5,1,-1,1
1708909,9,1.173094197909981,15,5,2,5,0,-1,1
6149563,58,0.7588444681660489,5,3,5,5,0,0,0
3192346,24,1.1858566417143732,6,2,4,4,0,1,0
4920400,44,1.3678810965219834,6,2,5,4,0,0,0
3325035,33,0.8372002158415804,11,3,1,4,0,0,1
3327905,17,0.766870430792584,9,3,1,3,0,-1,0
5740002,27,1.5448594729237148,7,3,1,3,0,1,1
2398545,19,0.9970600901238537,6,3,1,5,0,0,0
3463092,18,1.4339869614859553,9,3,4,2,0,1,1
2477188,12,1.111500583700542,13,2,4,4,1,1,1
2518822,12,1.109511295764668,8,1,4,3,1,-1,1
2715527,27,1.2596031748741612,12,1,5,3,1,0,0
3735081,17,0.9290002858133898,6,2,1,5,0,1,1
2452824,19,1.1831242858739113,10,1,3,5,1,-1,0
6944452,57,1.0546276462939768,13,3,3,4,0,1,0
1911188,24,0.819876639148742,6,4,1,3,0,1,1
2922286,20,1.2343705186815996,10,4,2,3,1,0,1
2510923,29,1.084173048280521,9,3,5,3,1,0,0
7788717,60,1.1107437928888229,8,4,3,3,1,0,0
3678195,31,0.8474597641464605,13,2,4,2,1,0,0
6071442,31,1.547850091940701,12,4,2,4,0,-1,1
1340648,6,1.369178546596529,10,3,4,3,1,0,0
3837110,33,1.3910389710429945,12,3,2,4,1,0,1
5574863,28,1.0736388243895794,7,3,2,3,1,0,0
3434460,17,0.7177042776241449,10,1,5,3,1,0,1
6195217,33,1.6382293456223775,8,5,4,2,0,1,0
2396756,26,1.134725622998533,8,2,4,5,0,0,1
7614831,43,0.9628000509949864,9,3,3,4,0,0,1
12985434,60,1.2542003936207784,6,3,1,1,0,1,0
2629480,15,1.4417801970008242,6,1,1,4,0,0,0
2502243,20,1.1442373609786334,16,2,3,5,0,1,1
7818714,53,1.4696437919848435,13,1,2,4,1,-1,1
8433675,50,1.420749984629217,9,2,3,4,1,1,1
2388757,16,0.8809047031494853,8,4,3,2,1,0,1
2540541,28,0.9815524735851309,9,3,4,4,0,1,1
2760518,23,1.3893842908199419,8,2,3,4,0,1,1
1459099,7,0.7,15,3,2,4,1,0,1
1883813,9,1.1126360767087526,7,5,1,5,0,0,0
1789622,19,0.7922921995938319,14,2,5,3,1,1,1
2062277,9,1.0308615496416187,9,2,3,3,1,-1,0
3201689,26,1.0752949777426988,9,5,3,5,0,1,1
3762254,22,1.060438905523123,16,2,4,4,1,-1,1
8287842,45,1.0119346869718477,5,3,4,1,0,1,0
1795847,9,0.8757140875927965,7,2,3,3,1,0,0
5900770,27,1.7229778167046714,14,5,3,5,0,0,1
2875124,24,1.6168655010403377,8,5,2,1,0,-1,0
3173424,15,0.8594835449359292,13,4,1,1,1,0,0
4900715,54,1.5455291878258917,10,3,1,3,1,0,0
1666717,9,1.0501336273817867,10,3,5,5,1,0,1
4112105,22,1.1822968683329276,10,2,1,5,0,-1,1
3612358,21,1.1341815100257708,8,4,5,4,1,1,1
4392770,40,0.9850628396865084,11,5,4,4,1,-1,0
3888372,19,1.3959630859015366,9,3,5,3,1,1,0
14263010,60,1.1814716326441643,18,4,5,3,1,0,1
2229651,28,1.0308621441951895,11,2,1,5,1,0,0
2377123,13,0.8238526390498817,10,3,3,2,1,0,0
2249268,15,0.9266012465702198,10,3,4,3,0,0,0
2342463,11,0.7396549710994758,5,3,2,4,0,0,1
2230123,17,1.1530558871037924,8,3,5,2,0,-1,0
6671864,60,0.8508336019289009,17,1,5,4,1,0,1
7665977,39,1.0836098718703646,12,4,5,4,1,-1,0
2321101,15,1.4925254634025926,9,4,3,4,1,-1,0
1983922,20,1.4498248932303963,10,5,2,3,0,-1,0
4337676,24,1.1419307764743454,15,4,1,3,0,0,1
2347041,16,1.1282288184642124,14,3,4,4,0,0,0
4779082,29,1.619968637355252,14,2,3,5,0,0,1
3692276,26,1.2801890300896777,11,5,2,3,0,0,1
1316587,6,1.068048385030869,14,3,4,5,1,-1,1
8272961,42,0.7934954707198869,9,4,1,4,0,0,1
9602428,54,1.2484683045411857,14,4,4,5,0,0,1
2263282,26,1.3573309431457155,9,4,5,2,0,0,0
2590545,13,0.992087118871589,9,1,5,3,1,1,1
3880673,22,1.222800688784508,11,2,3,2,1,0,0
3995479,22,1.0591066762712427,9,4,4,3,0,0,0
4853091,38,1.1039919002002492,10,4,5,5,1,0,0
10920176,54,0.7,11,4,3,2,0,0,0
2939739,16,1.0945546490709661,10,3,3,4,0,1,0
2024881,23,1.3923423256020135,6,3,3,1,0,1,1
1428889,10,0.9921493611083604,8,4,1,4,0,0,0
2108404,10,1.163131592053829,8,4,5,2,1,1,0
3204683,41,0.9610123233270198,10,3,5,2,1,0,1
9594827,44,1.240110419073193,14,2,2,3,1,0,0
2396292,13,1.0958692006159565,9,5,1,4,0,-1,1
3738790,22,0.9151896148294982,11,3,5,2,0,0,0
3236963,29,1.4831378669162818,9,4,5,3,0,1,0
6669370,60,1.3822330033830537,13,2,2,1,0,1,0
14889390,60,0.9987733090179562,4,3,4,5,0,0,0
2377306,20,1.2744470773544443,9,4,4,4,0,0,0
2437141,13,1.2843530007050952,11,1,1,4,1,0,1
6116475,47,1.3105753087527938,13,3,3,4,1,1,0
4921554,54,0.7264360260012305,4,3,2,2,0,0,0
9899792,60,1.401651635258157,7,4,2,4,0,0,0
4640612,30,1.0075752592685672,17,2,5,2,0,0,0
2635081,12,1.0605430166396832,10,2,5,3,0,1,1
4659379,37,1.80947043806505,15,5,2,4,0,1,1
6357985,51,1.2254683451802528,4,3,3,4,0,-1,1
5348299,43,1.053419381138206,9,2,4,2,1,-1,0
4432012,29,0.7,9,2,1,1,1,1,1
6199658,45,1.4974410334865889,20,5,4,4,0,1,1
6593384,32,0.8136975822978493,17,2,1,4,1,0,1
7491618,51,0.899140274125124,6,3,3,2,0,0,1
4824539,33,1.0671619252280375,11,3,2,2,1,1,0
2957128,32,1.5041029479250732,12,4,3,5,0,1,1
3569828,16,1.3433099966664397,14,4,2,4,0,1,1
6742257,60,1.110540622539935,17,3,5,5,0,0,1
2002363,24,1.2270730159097052,10,1,1,3,0,1,0
4078353,24,0.9999035767822235,7,4,5,3,0,-1,1
2581798,16,1.1849134223913376,8,3,2,3,1,1,0
3325886,25,1.168334186194534,9,5,1,4,1,-1,0
7039664,52,1.3921924739203382,10,3,1,2,0,0,1
3666174,19,1.3917945306097372,11,4,5,2,0,0,0
3361379,33,1.2734943455514112,9,1,1,2,1,1,0
1445674,7,1.0594131106134743,9,4,2,4,1,0,0
5115328,30,1.3354555735975315,6,3,2,3,1,-1,1
4815211,36,1.1270078834492383,16,3,5,4,0,1,1
11970463,60,0.8795214078217166,8,2,3,5,1,0,1
2717799,25,1.0491780520222653,13,2,2,4,1,0,0
3728401,20,1.171131745946081,13,2,2,3,0,1,0
3796652,25,1.3775539459161863,9,3,1,5,0,0,1
8422960,60,1.1041179569607116,11,4,1,3,1,1,1
3087346,19,0.8477003221900984,15,3,2,2,1,0,1
3864770,17,1.1641854208242048,9,4,5,5,0,1,0
4707831,34,1.178364010014138,7,1,3,1,1,1,0
3656311,17,1.1964594072256882,17,3,1,4,0,0,0
2500846,20,1.3799678789886074,13,3,1,3,0,1,1
3672760,46,1.4047308100224745,8,5,3,4,0,0,0
6225591,60,1.0014472819045832,10,4,1,4,1,1,1
1765758,13,0.9959641354877641,7,3,5,3,0,1,0
3540511,34,0.8899503222611316,12,4,1,4,0,0,1
2147741,30,1.324703917570119,7,2,1,4,0,0,0
6696047,32,1.5122050270844287,6,3,2,3,0,1,1
1310720,6,1.0712295180227691,6,1,5,3,1,-1,0
2337627,12,1.0896423588187516,8,3,5,3,0,0,0
4099301,43,1.516695639224744,7,2,2,5,1,0,1
8362888,60,1.2763894633037518,7,4,4,4,1,-1,1
3142564,39,1.2590589262002636,12,3,3,5,0,1,1
2342853,13,0.8522708735065683,9,4,5,2,1,0,1
10106549,48,1.3196820173198547,19,3,4,2,0,0,1
1371192,10,0.9177159148725603,7,1,3,2,0,1,0
873895,9,0.8664949535162604,5,4,5,2,1,0,0
4256716,28,1.0633071058083219,11,4,1,4,1,0,1
2418764,19,1.0035518191378274,8,5,5,5,0,1,1
1771363,14,1.09460007640374,18,3,3,3,0,1,1
5000327,30,0.7897545913687702,11,4,4,5,1,1,1
3783955,21,1.389704076616918,4,4,1,1,1,-1,0
2330405,26,1.431921573629107,5,2,3,5,0,-1,1
1516351,20,0.7,6,2,3,2,0,0,0
5517715,25,1.3946144514166374,12,1,5,5,0,-1,1
4828858,46,0.9473678425445933,12,3,2,2,0,0,0
3080167,39,1.3642438842456963,11,3,2,5,0,0,1
9899375,60,1.132888376833396,16,5,1,3,0,0,0
1720196,22,1.1571938910202495,14,3,3,3,0,0,0
1308883,10,1.1037255876446952,17,4,4,3,1,0,1
2158351,11,1.4530323010583714,9,4,1,3,0,0,1
3180816,26,0.8401029968687428,16,2,1,4,0,-1,1
3782908,27,1.301960084683752,12,1,5,5,0,0,1
2828503,16,1.4253325412223874,8,3,4,4,0,0,1
4037891,27,1.3290850201351025,7,4,3,4,0,1,0
1542748,7,1.7311747285808543,6,5,3,2,1,1,1
7773715,38,1.0177633093188252,15,3,3,4,0,1,1
3111791,43,1.3893262056483828,10,4,1,3,0,0,0
6390847,34,1.1234773411646448,10,3,5,5,0,-1,0
4015350,28,1.4583515190881673,8,4,1,3,0,-1,1
4299683,19,1.1480777510696576,9,3,2,4,0,1,0
4601350,32,1.0530310545343826,11,1,2,3,0,0,0
4276413,19,1.4765180509679072,10,1,3,3,0,0,1
4807239,26,1.0271095152452674,9,1,5,3,1,-1,1
7257104,60,0.7968185602748609,7,3,3,3,1,-1,1
3678121,24,1.0207882792065428,13,4,3,3,0,1,1
5002269,22,1.304758236647133,8,2,1,1,1,0,1
3097663,15,1.4980096878967728,5,3,3,5,1,0,1
7756721,60,1.177782343824128,5,2,3,2,1,-1,0
2178538,12,1.4795492668085062,10,4,5,5,0,0,0
9631641,60,0.8104562696306015,14,4,5,2,1,1,0
3191192,44,1.039184133795524,10,4,5,2,1,0,0
1385449,10,1.0778562207114746,8,3,3,4,0,1,0
3530191,33,1.12136014313187,10,2,5,4,0,0,0
2172456,11,1.171023597062549,11,4,5,3,1,0,0
5413390,44,1.322727739348048,12,2,4,4,1,1,1
2209828,11,1.0387982904573774,8,2,4,3,0,1,1
2501221,35,1.1847571717382812,14,2,2,4,1,0,1
1052075,9,1.138719277418987,9,4,1,4,0,-1,0
2492049,23,0.9185275240272124,9,4,1,3,0,0,1
763503,7,1.121583327729641,5,4,5,5,0,-1,1
1263831,15,1.1140851175257205,3,3,2,4,0,-1,0
5158976,52,1.1087298587492385,13,2,2,3,1,0,1
5238156,34,1.1579398641453627,7,5,4,5,0,0,1
4219699,37,1.1689183851533465,7,3,2,5,1,1,1
1829977,13,1.0419262052231673,6,3,3,4,0,-1,0
3176762,25,1.468178683492816,12,3,5,3,0,1,1
3261958,16,0.8576298426992457,8,2,3,5,0,1,1
1631452,7,0.9697574728825258,11,2,1,2,0,1,0
8056896,55,1.844990906055889,12,3,4,1,1,1,0
5533977,46,0.8905021612526924,8,2,3,3,0,1,0
2863117,33,0.8115613313225603,7,2,5,4,1,1,0
3322179,15,1.3336191862503044,5,4,3,5,0,0,1
3704391,46,0.7,2,3,3,4,0,0,0
960259,8,1.0911815225068902,12,3,2,5,0,1,1
2818438,24,1.686456231269122,12,4,4,2,1,0,0
2171240,18,0.7637660194616498,6,5,1,2,0,-1,1
1792331,18,0.7,6,2,5,4,1,1,1
2761652,14,0.7752046995105754,12,4,5,5,1,0,1
9612855,60,1.3745898920867463,10,3,1,4,0,1,1
4801820,29,1.431194179996453,9,2,5,2,0,-1,0
2320498,26,1.0218528007553727,13,2,2,3,0,0,0
4609129,57,1.3208031010002672,11,3,3,3,1,0,0
7569315,36,1.4975638318779974,14,4,2,3,0,1,1
5693183,57,1.5968366036074562,8,2,2,1,0,-1,1
3388094,17,1.0884161797050378,10,3,2,5,0,1,1
2217382,14,0.7,10,4,1,4,1,-1,0
4970017,60,0.9447802693975782,8,3,4,4,1,-1,1
4139523,19,1.0432989512661854,8,4,1,2,1,0,0
5593500,52,1.0852653008554023,10,4,1,2,1,0,0
4785509,24,1.1030351497478201,10,3,2,4,0,0,1
6136294,60,1.4297236494826673,11,5,4,5,0,-1,1
2371086,11,1.4686071066718953,16,1,1,4,1,0,1
7206085,60,1.1070815865188042,8,1,4,5,1,0,0
3680502,25,1.4246212190129546,7,3,2,5,0,1,1
11354861,60,1.2394153416577722,10,3,1,2,0,-1,1
2161876,10,1.1661264932156428,7,3,4,3,1,0,0
9263368,44,1.3766360392774908,15,3,5,4,0,0,1
3681189,19,1.1680630120594788,12,2,1,3,0,1,1
2211428,10,1.6644527942744405,11,2,1,3,1,1,1
2445275,24,0.7903972083013602,12,4,1,3,1,1,0
2697380,23,1.0212072752269954,10,4,4,3,0,-1,0
4216430,37,1.1183702757615124,7,4,3,5,0,1,0
4473587,35,1.2598631726144975,10,4,1,2,0,1,1
2316991,17,1.4669901217757721,9,3,5,3,1,1,1
3221595,21,1.1439003581909608,14,2,5,4,1,0,1
11820693,60,0.7944425876234481,9,3,2,4,1,1,1
9216684,53,1.360628474113751,14,4,3,4,0,0,1
4247300,44,1.338739691535491,8,3,3,5,0,0,0
3344414,28,0.7,11,1,4,4,1,0,0
3513133,24,1.1490489665823,10,5,2,4,0,0,1
4723737,24,0.7524645423299254,9,4,4,3,1,0,0
1769706,9,0.9838372256244843,15,2,2,3,1,0,0
2801243,16,0.9242977682593,14,3,3,4,0,1,1
1201221,12,1.3523161745604964,14,5,4,5,1,0,0
4153798,27,1.1792075435430458,7,1,2,5,0,0,1
4820159,57,0.8286022498109931,9,3,3,4,1,0,0
2446302,19,1.3700164907393355,8,3,3,4,0,1,0
8405460,60,0.7915485440178963,13,3,1,1,1,0,0
1566791,20,1.2325284476177358,14,4,4,2,1,-1,0
1357798,12,0.946497332677111,10,3,1,2,0,1,1
3740280,17,1.05858072936737,11,1,3,2,0,-1,0
6127264,28,1.276067687009596,5,1,4,3,0,-1,0
8978618,60,1.2803623497648822,12,1,4,3,0,0,1
2482233,32,1.48424226838899,9,3,5,4,1,0,0
6244480,60,1.1294365750821367,11,4,2,4,0,-1,0
3194352,24,1.226612715740835,11,2,5,4,0,0,0
2947369,13,1.0405656693989187,4,3,5,3,0,1,0
5554927,60,1.1954974706556993,3,4,3,3,0,0,0
4835009,26,1.2598715120021278,10,2,2,5,1,-1,0
1269539,14,1.1254225381364058,3,3,5,2,0,1,0
7928101,36,0.7,9,4,5,5,1,0,0
7482330,58,1.2328677240827237,8,3,4,3,1,0,0
2246002,12,1.241140369338864,7,3,3,4,0,0,1
4145285,34,0.9799566309130122,6,3,5,2,1,0,1
4396934,26,0.8289032409818713,2,5,2,2,0,0,1
3822458,38,1.5189697876259913,15,3,1,3,0,1,1
2349743,25,1.2728613777236004,14,3,1,4,0,0,1
2184780,10,1.0927297422695725,16,3,3,3,0,0,0
3219277,15,0.8657417792131281,8,1,1,4,1,1,1
6606981,32,0.9445462928946634,8,3,4,3,0,1,1
4529672,27,1.4756475991965579,8,3,4,3,0,-1,0
2617241,13,1.1844154852170115,8,2,2,5,0,1,1
5194023,60,1.0123532332498233,14,3,3,5,0,0,1
591770,6,1.277422307806164,9,1,3,4,1,0,1
6512665,55,0.9464004531384189,15,3,1,3,0,0,1
1151034,6,1.5252107575700946,9,2,5,2,1,0,1
2630107,21,1.4882001337241813,14,1,5,5,1,-1,1
1669772,18,1.0333564821993058,13,4,5,3,0,0,0
1503326,9,0.9928324382422848,15,5,2,5,1,0,1
6559966,34,0.7,9,2,3,3,0,-1,1
2469137,19,0.779604807112158,21,3,1,5,0,0,0
4024464,44,0.8151325562605609,9,2,2,3,0,1,0
3178270,31,1.1837975852468463,11,3,4,3,0,1,1
4352341,41,1.06844157388966,10,3,4,4,1,0,1
3423223,29,0.8136661281461895,7,2,4,5,0,1,1
1513907,9,1.0797089893838605,6,4,3,5,1,0,1
5943210,37,1.276334286911837,7,2,4,4,0,-1,1
2430836,13,1.2819598374788967,10,1,5,4,1,0,1
1284719,10,0.7,5,4,4,4,0,-1,0
2528485,13,1.1179341298790422,9,4,2,4,1,1,0
8044151,60,0.8041648057570974,12,3,4,5,0,1,1
5444590,38,1.3754321742850684,11,3,5,3,1,0,1
2651957,13,1.3460366040883744,10,3,4,4,1,0,1
2650994,27,0.9254931934188853,7,3,1,4,1,0,1
2695297,31,0.9584886993999,14,3,5,4,0,0,0
11364997,56,1.0346832373754231,8,3,3,5,0,1,1
4110935,33,0.7,12,3,4,3,1,0,0
4231321,24,1.2339920433601441,16,4,2,3,0,-1,1
6065758,60,1.0817888634149673,9,4,4,3,0,1,0
3772594,21,1.3925437706419648,7,3,2,3,0,-1,1
2798445,23,0.8753976955093618,6,3,1,3,0,1,0
2905715,37,0.995219262937517,6,3,3,5,0,0,0
3131551,19,0.7733686854902211,10,3,5,4,0,0,0
3196818,30,0.8989273591264366,8,3,5,5,0,-1,0
5058485,39,0.8545045009829452,12,4,3,2,0,0,0
3372508,41,1.3989934197116114,7,4,1,5,0,1,0
5073716,55,0.9754345378121518,9,4,1,4,0,0,1
3114471,27,1.1810439211861532,6,4,4,1,1,1,0
3426949,41,1.0548091490345488,10,5,1,4,0,0,1
985672,6,0.8326336834967967,14,3,4,5,1,1,1
5664881,60,1.1079248942070892,10,5,2,2,0,1,0
4024426,28,1.2997758329658986,15,2,3,4,0,0,1
5949430,60,0.8480601518641618,9,1,2,5,0,0,0
575069,6,1.3522781976828446,10,3,2,1,0,1,0
11444557,54,0.9375697696305758,9,5,2,4,1,0,1
3006376,31,1.0292540184817898,14,3,2,3,0,1,1
6355999,29,1.282670780752512,10,2,5,3,1,0,0
1751628,17,0.9841409606951279,7,3,1,4,1,1,0
4721628,26,1.1593937148339664,11,3,3,2,0,-1,1
1737487,11,1.071327292802977,14,3,3,4,0,1,0
2248420,11,1.1823420016759545,8,4,2,1,0,0,0
10307875,60,0.7,13,5,3,3,1,1,1
2915612,19,0.7,13,4,4,4,1,0,0
3724561,37,1.3039917515117094,7,2,3,3,1,0,0
5509809,58,1.4092953514122626,5,3,2,3,0,1,0
4401293,21,0.9223783241171196,4,3,3,5,1,1,1
3577773,30,1.0889929119572164,11,3,1,5,1,1,1
4069279,32,1.2236798132255753,9,2,2,5,0,0,0
13825832,60,1.323304400414676,7,4,5,4,0,0,1
3157934,26,0.7,6,3,1,5,0,0,0
3688238,17,0.9284899382554056,16,4,3,5,0,0,0
6140352,33,1.0668551550375311,10,5,5,3,1,-1,1
6345875,39,1.3257850493090122,8,1,1,3,0,0,1
6663918,32,1.7746076209303736,6,5,4,2,0,1,0
4795737,60,1.0929985682975705,7,4,1,3,0,0,1
1646557,15,0.7982556344740027,8,3,5,5,0,1,0
8710666,60,1.2505670193003244,16,3,4,4,0,0,1
1643260,15,1.4802489473851774,7,3,3,4,1,1,0
3919917,21,1.1770035302448751,15,3,2,2,0,0,1
2079076,10,0.9233378637114267,10,3,3,2,0,1,1
3145605,23,1.3894984853700048,10,1,2,3,1,0,1
3981851,32,1.3158864046246086,7,3,2,5,0,1,1
3964198,18,0.8934797889510938,10,2,5,3,0,0,1
4210754,30,1.2453564043835854,9,1,4,5,0,0,0
8608208,60,1.399316391914718,7,3,4,2,0,-1,1
4291387,34,1.4454725106397233,10,3,1,4,0,0,1
2823551,13,1.133387756172636,8,3,3,4,0,1,1
5829561,37,1.06048013845517,10,1,5,5,0,-1,0
6673682,36,1.4568184555203156,5,4,3,1,1,1,0
1565060,8,0.8474598742547786,10,3,1,2,0,-1,1
4678275,38,1.2596448227302512,14,2,1,3,1,1,0
4978820,36,0.8074933431588927,9,3,5,5,0,1,0
2734507,13,1.4163440680649007,10,3,1,2,0,0,1
7462672,59,1.0854886210972094,7,1,5,1,1,-1,0
2987557,15,1.4671458089118672,6,3,1,4,0,0,1
3524840,16,1.2728531890888817,13,4,4,4,0,-1,0
2946583,18,0.8441949424845174,11,4,5,5,0,0,1
3299717,18,1.5061569330193108,10,2,4,5,1,0,0
1693376,8,1.5378113166069323,11,4,4,4,0,0,1
1377759,7,1.3705716231498037,11,3,5,5,0,-1,1
8509579,60,0.9596030337409449,12,5,3,4,0,-1,0
1966612,25,1.0734965114106476,10,1,2,3,1,-1,0
1803364,13,1.1863568043514399,9,3,1,5,0,0,0
898036,6,0.9740724001671416,9,3,1,4,0,0,0
2228017,16,1.573086643115801,7,2,3,3,0,0,0
1477919,8,1.186081617931509,13,4,2,4,1,0,0
8755644,60,0.7,11,3,3,3,0,1,0
5991727,36,1.234838953189055,10,1,2,2,0,0,0
2163222,22,1.0629606507956717,9,3,5,4,1,1,1
12628433,60,1.131268360970388,6,3,5,5,0,0,0
5891724,38,1.057845158553575,5,2,4,4,1,-1,0
2690132,26,1.3517616041516718,9,5,4,3,1,0,1
729676,6,1.429921944638345,9,4,5,5,1,0,1
12923598,60,1.2207632905646633,16,2,4,1,0,1,0
1420126,9,1.0651722032154602,14,3,5,3,0,0,1
1218048,11,1.1396656987977074,13,3,3,3,0,1,1
6037751,28,1.154899904144407,8,4,1,1,1,0,0
14130574,60,0.9493924900337907,10,5,5,3,1,0,1
7501125,35,1.2947321621428087,13,3,5,4,0,-1,1
4585205,34,1.2650105809651164,11,4,5,5,1,-1,1
4670854,33,1.5351103099441683,17,3,4,5,1,0,1
5455033,26,1.4638374450721185,7,3,4,5,0,0,0
5154378,34,0.9785812706024674,12,5,4,3,0,1,0
3869805,21,1.355074593627241,10,3,4,4,0,1,1
3479922,32,0.912261654226382,11,3,3,5,0,0,0
3148523,22,1.3239830252352123,9,4,5,3,1,0,0
2079465,23,1.020846450309973,13,2,3,4,1,-1,0
2762357,27,0.8941866941561039,7,3,4,3,0,0,0
1183783,16,1.220011335674351,10,5,3,3,0,1,1
3081713,40,0.7,8,4,5,4,0,0,0
1806397,8,0.712256106398693,10,4,5,4,1,1,1
1685961,15,1.1056270290564292,7,2,4,4,1,1,1
3641610,21,1.1706104416587104,7,3,5,3,0,0,0
7535994,38,1.0576703074604528,8,5,3,4,0,-1,0
5671646,37,0.7551409253206003,17,3,2,5,0,0,1
1274035,13,0.9455270394653735,12,2,5,5,0,-1,1
1805274,10,1.2478023318093483,8,3,3,3,1,0,0
5748575,35,1.2954454426570905,11,3,3,2,0,1,0
1813025,10,1.1459442206010146,5,2,3,4,0,0,0
2856821,15,1.439208445259247,12,4,5,3,0,1,0
4547241,21,1.2493492558648085,4,5,2,1,0,1,0
1828475,11,0.9631360865104468,7,3,4,3,0,1,1
3482375,28,1.0798744866470955,7,4,4,5,0,0,0
1468254,8,0.7992834606980362,8,4,5,4,1,1,0
2278845,28,1.1229652524021456,7,4,5,3,0,0,0
3960453,19,1.4280251548053347,13,1,1,3,0,0,1
1256956,14,1.321322521177742,5,2,2,4,0,1,1
4257892,35,1.5005023314797805,13,1,3,3,1,1,1
3230725,16,1.0742786890502516,11,1,3,4,0,0,1
4553897,28,1.4865249486285643,9,3,4,1,1,1,0
3739073,28,1.1016739433880074,9,3,5,3,0,0,1
7411061,52,1.5178962706424735,8,2,2,3,0,0,1
3524096,17,1.144535813139469,12,1,4,4,0,-1,0
2526528,20,1.326807843451069,12,3,2,4,1,0,1
3517913,17,1.5187780910774638,7,2,5,3,0,0,0
4528850,54,1.1016430928546985,11,4,3,1,0,0,1
3366270,18,1.2045972468860435,18,1,1,3,0,0,1
3349611,16,1.4722158563015755,15,4,2,4,0,-1,0
2145332,22,1.116749209017484,13,5,3,2,0,-1,0
2196244,16,0.8197769293734596,9,4,2,2,0,0,0
1409064,14,1.6857517636462274,8,4,2,4,0,0,1
9339339,53,1.0325588839157156,13,5,2,4,0,0,1
1549870,10,1.1896890127343855,8,2,5,3,0,0,0
2157060,13,1.4390016673627817,11,5,4,3,0,0,0
2124305,21,0.9978765240671994,7,4,2,5,0,-1,0
5592598,54,0.8980330216944674,11,4,5,5,0,0,0
2738799,35,1.2134343241937082,6,3,1,3,0,1,1
6911140,58,0.7017309005219026,11,3,4,5,0,0,0
2182334,14,1.0780234807830198,10,4,5,4,0,0,0
3864707,19,1.2112596660788515,9,3,1,5,1,-1,1
1980365,11,1.0825120257937089,9,4,4,3,0,0,0
11841128,60,0.7641372642035631,10,1,5,4,1,0,1
1603085,7,1.548544489051003,6,3,1,4,0,1,1
3936853,22,1.1758845384872938,8,3,5,3,0,0,0
4781506,22,1.507788029440435,9,2,1,4,0,0,0
4190285,28,1.0849909374548887,12,2,2,3,0,0,0
2925065,26,0.9299970045773089,10,2,2,2,0,-1,0
3024050,38,1.2172952300637898,6,3,4,3,0,1,0
3356089,18,1.096053218417945,8,3,1,5,1,0,1
2993035,33,0.8555596355021604,10,1,2,4,0,-1,0
5828833,50,1.5174460646968737,8,5,4,4,1,0,1
12314817,60,0.9944324442765009,8,4,3,4,0,0,1
2339633,15,0.7,12,4,2,2,1,-1,0
1437071,8,1.482041513489333,13,2,2,3,0,0,1
3100366,32,1.023925496046844,11,3,5,4,1,0,1
15368424,60,0.9980440268460938,13,3,3,5,0,0,1
2018358,12,0.7086531032425064,9,5,1,2,0,-1,0
8740431,40,1.5852353716492475,10,4,4,3,0,1,1
8945136,49,0.8276298531975781,10,3,3,2,1,-1,0
2345119,11,1.1646123701764124,11,4,1,3,1,0,0
4599185,24,1.37815508063511,12,2,2,3,0,1,1
8684392,54,1.2554292332507742,7,1,4,4,1,-1,1
2603906,26,1.135086422001952,10,4,4,3,0,-1,0
2893136,17,0.7245835354281458,11,1,3,3,0,-1,1
2305922,14,0.9475687910581789,18,2,5,4,0,0,1
1778260,11,1.1969500845106305,11,4,1,5,1,-1,0
2214270,15,0.9532064825032508,10,2,3,3,0,0,1
1568508,10,1.2008398649996919,15,3,5,4,0,0,0
3336557,27,1.3204358522037853,14,5,5,3,0,0,0
2059587,13,1.3906257214500253,14,3,5,5,0,-1,1
3761286,37,0.843455160546829,10,2,4,4,0,1,1
1285248,6,1.6991615137447384,16,2,1,5,0,-1,1
3986914,40,1.3418698361385326,6,2,1,1,0,0,0
5390331,60,1.149571461582734,7,1,3,4,0,-1,0
988316,7,1.42238414576916,10,1,2,4,0,-1,1
4091548,24,1.7413519429999933,2,3,3,3,0,0,0
6828403,50,0.7903199747357825,9,3,1,3,1,0,1
1582023,14,1.0936843393771616,11,4,4,4,0,0,0
8917653,58,0.7,9,4,3,4,1,0,0
4203429,34,1.1981628831620061,6,4,2,1,0,1,0
2141448,10,1.241348560481285,5,3,3,4,0,0,0
3161441,15,1.14020947113931,4,2,5,2,0,0,0
4569873,31,0.9863666072504225,10,4,2,2,1,0,0
3421546,28,0.7,4,3,5,4,1,-1,1
4516525,25,1.2433834208529422,11,1,4,3,0,0,0
1881530,24,1.5138586209788312,8,4,1,3,0,0,0
3618667,25,1.0022453860666418,16,3,3,3,1,0,0
1399703,11,1.2600149822557862,13,2,3,4,0,0,0
3057977,14,0.7579639216449873,7,4,5,3,1,1,0
1900552,26,1.2643032659231284,13,5,5,5,0,1,0
2102593,13,1.0516544255638356,11,3,1,3,1,0,1
6863004,37,0.9593955123492713,7,3,3,4,0,1,0
6291978,44,0.9599090896959672,18,3,1,3,0,1,1
4711339,56,1.0515971044917474,5,4,5,4,1,1,1
1697406,7,1.2456083289231337,7,1,5,4,0,0,0
2703762,18,0.8219591997011204,14,3,2,3,0,1,0
6768964,41,1.0507211671080368,15,5,5,3,0,0,0
3559142,33,1.139632055500213,9,2,5,3,0,0,0
13145600,60,0.8752401938670351,4,5,1,1,0,1,0
4139107,30,1.5991663004187542,11,5,2,3,1,1,1
3668265,45,0.9366261299846645,9,2,2,4,1,0,1
2715618,31,0.9826407715916273,7,4,3,4,0,1,1
3541725,18,0.9054230125443754,8,2,4,3,1,0,1
2983232,28,1.5996200217845293,16,4,3,3,0,0,0
4999583,50,1.2882263071498703,18,4,3,1,0,0,0
5803788,39,0.9158519984390894,13,2,3,3,0,1,1
2039889,11,1.4265578897149922,8,4,2,4,1,1,1
1470716,18,1.2001746735722194,11,4,1,4,1,1,1
1086287,6,1.2143133552778753,11,3,5,3,0,-1,1
4433920,50,1.0638806978118867,4,2,2,3,0,-1,0
1686186,22,0.9626460032607566,9,1,5,5,0,-1,1
898305,11,1.2344415247636502,15,3,5,3,0,-1,1
4127354,21,1.0137281925011024,11,5,4,3,0,0,0
14589311,60,1.604188907393776,8,4,3,4,0,0,1
3257131,42,0.8326772236892239,10,3,4,4,1,-1,0
5406402,39,1.5340391932137363,11,3,3,3,1,1,0
3433523,17,1.1221702878005497,7,2,2,5,0,0,1
3080696,28,1.2247714335052764,4,2,5,3,0,1,0
5674232,42,1.3582894416573585,15,3,4,4,1,0,1
2746492,36,0.9924376762488909,11,3,2,2,1,0,1
3837898,27,1.366062096174659,12,3,2,4,0,0,1
3965009,25,0.7,10,5,3,5,0,0,0
2189416,14,0.9700026166945152,10,3,5,3,1,0,0
5928165,49,0.9189842981647336,18,3,3,4,1,0,1
2943247,25,0.8366234969070595,13,2,3,5,0,1,1
2077244,24,1.0962612904802622,10,5,2,2,0,1,1
4510442,36,1.2464374920454235,6,4,3,4,0,0,0
1906766,22,1.3256649996248264,11,4,1,5,0,0,0
3324762,17,1.2102191893001017,8,3,5,4,1,1,1
3251180,15,0.9835766337766132,7,3,3,2,0,1,1
6271570,29,1.2422541094562918,20,3,3,2,1,0,0
4346228,21,1.1810714237127127,7,2,4,3,0,1,0
3220295,20,1.384014041984004,12,4,5,2,0,-1,0
5339591,30,1.344234175732879,17,5,5,4,1,-1,1
7527883,60,1.157619103480157,12,2,3,2,1,-1,0
4568457,27,0.9256867484596857,12,1,1,3,1,-1,0
3289386,23,0.9867624610419797,8,4,4,3,0,0,0
1487932,10,1.0125526600904915,13,2,1,3,0,-1,0
1725335,9,1.071183416520936,11,3,3,4,1,1,0
2721966,24,1.2170126068974383,13,4,5,4,1,0,1
2267736,19,1.3287935975320144,7,3,5,1,1,0,0
2922112,14,1.1372203267461556,8,4,1,2,0,-1,1
3382041,43,1.154031196975118,8,3,2,2,0,0,0
4492031,31,1.1858265762500009,12,4,3,3,0,-1,0
3133624,15,1.021023671716915,11,4,5,1,1,1,0
4377117,27,0.9186519355892608,12,4,2,4,1,1,0
3397956,22,0.7111405256723224,12,1,5,3,0,0,0
999209,9,0.9762126604807818,11,2,5,5,0,-1,0
1860579,15,1.2682863633169466,9,1,2,3,0,1,0
2998274,15,0.974272140490108,12,3,1,3,0,0,1
1581972,10,1.090548240643515,8,4,3,4,0,0,1
4685378,31,1.2666078218530792,12,3,2,4,1,0,0
8190213,60,1.2801723741056672,8,4,2,4,0,1,1
6792007,60,0.8801167869584902,10,3,5,5,0,0,0
2876066,13,1.3992648391134104,10,3,2,3,0,1,1
7995869,60,1.4318375223388713,12,4,3,5,1,-1,1
3574016,22,0.86753753569536,6,3,1,3,0,-1,0
2670425,32,0.9440407825897114,9,4,1,5,1,0,0
2262448,13,1.4477726707865477,14,2,1,3,1,-1,0
2726469,12,1.1132866196861746,14,5,3,3,0,0,1
2589806,16,0.7,5,3,5,4,0,-1,0
3620959,40,0.8000796238168284,12,4,3,3,1,0,0
3599639,22,1.0876575937068795,10,1,2,3,0,0,0
3274997,17,0.8592393374288494,8,3,4,3,0,1,0
4248866,32,1.0466440573408895,6,5,4,4,1,1,1
6678391,33,1.1580990534208946,13,4,4,5,1,1,1
5778949,34,1.515563651008682,8,1,1,4,0,1,1
1341181,6,1.0773865209430527,4,3,3,5,0,0,1
706195,6,1.4181354498931897,5,3,3,4,1,0,1
5726367,60,1.5071900405091925,14,2,1,2,0,1,1
1439595,12,1.5085774173380189,11,4,2,2,0,0,0
2856594,28,1.221188648346392,8,2,4,4,0,0,1
1619992,7,0.7,9,3,4,3,0,1,0
1108825,6,1.2652062163509663,10,4,1,3,1,0,0
4523866,26,1.412099971953385,5,3,4,3,1,1,0
5155079,44,1.1297332236411457,12,4,5,4,1,0,0
2313087,23,1.586145967518812,10,5,3,3,1,0,0
690640,6,1.3649583903668643,13,2,4,5,0,1,1
2355475,16,1.292068344288196,10,4,4,4,0,0,0
4135349,39,1.4215951778014593,16,2,5,4,0,1,1
1346007,8,1.2333424628152194,8,3,2,5,0,1,0
3649190,47,0.7,9,1,2,3,0,0,0
3239125,27,1.0252152621324084,4,2,5,4,0,-1,0
4627720,32,1.4492920068119632,7,3,2,5,0,0,1
3512182,38,0.9481021649754259,9,3,1,4,0,0,1
1823300,8,1.094131873690765,10,4,5,4,0,1,0
6702176,60,0.8887909215242321,10,4,3,3,0,-1,0
2972405,33,1.5959806488004422,16,5,3,4,0,-1,1
3215898,31,1.5703731143545037,10,3,3,2,0,-1,0
1867365,10,0.9290327762148176,14,2,4,5,0,0,1
2505579,18,1.1868245000972708,13,3,5,5,1,1,0
1922464,12,0.979876488058988,10,3,5,5,1,-1,0
2946805,40,1.3037361597578445,6,3,2,4,0,0,1
9129532,60,1.2774207693105821,9,4,5,2,1,0,0
1435263,10,1.3529263929033162,10,3,5,1,1,1,1
1241540,6,1.2329796119269718,12,3,2,5,0,1,1
7902598,38,1.8838515515971168,17,2,5,3,0,1,0
2883183,34,0.8930190587473152,15,1,5,3,1,-1,0
2188126,14,0.7223491613908714,10,2,1,4,1,0,0
6100875,29,1.0517274498246345,6,2,2,3,0,1,1
2273044,17,0.758002933609933,7,4,1,4,1,1,1
9777611,50,0.7768844324985017,7,2,4,3,0,0,0
4909857,54,0.8996713364505082,13,4,2,4,0,1,0
2439376,11,0.919452773642093,12,3,5,5,0,1,1
11927830,60,0.9113454745124849,9,1,5,2,0,0,0
2272908,10,1.2795547376113527,13,4,1,3,0,-1,1
5102581,29,1.023452734728666,13,3,1,3,1,0,0
3912063,31,1.1051213562818798,7,2,4,5,0,1,1
7138725,33,1.3735581936252337,13,4,4,3,0,0,0
8342777,60,0.9584193688046434,10,1,5,3,0,1,0
3332397,27,1.0838635253238194,6,2,3,4,0,0,0
2080147,11,1.2414399965232288,5,4,4,3,1,-1,0
4307995,23,0.7,10,4,5,5,0,-1,1
2176809,10,0.7,6,2,4,5,0,1,1
10941050,60,1.2365293321994306,7,1,2,4,0,0,0
3548094,18,1.2730035701417246,7,4,1,4,0,-1,1
2625566,14,1.6660550337131026,11,3,5,2,0,1,0
3652082,45,1.1895237189667025,6,2,4,4,0,0,0
1456758,11,1.3549349293145236,14,3,1,4,0,1,1
1824892,16,1.1011318391035065,6,5,3,3,0,0,0
6717645,58,1.2243068053962716,11,1,4,3,1,-1,0
2204174,10,1.5668142104373834,9,4,5,5,0,0,0
1744281,10,0.7,8,3,2,3,0,1,0
4510829,25,1.25340406439292,6,3,1,4,1,-1,1
6658617,30,1.6838966825193413,5,4,1,1,1,1,0
5032220,39,1.2205085548023356,9,5,2,3,0,0,0
5942429,31,1.5626432408082118,8,2,5,5,1,0,0
2075936,15,0.9926969626176393,6,2,3,3,1,0,1
1392921,6,1.1419881264590714,7,5,2,4,0,1,1
8046921,60,1.1583811755971467,6,4,3,3,0,0,0
2693607,12,0.7,8,3,5,3,0,0,1
2812263,27,0.8579555430374499,5,3,4,5,0,1,0
7252932,60,0.8757812301540033,4,4,4,4,0,-1,1
4564127,24,1.3555165195081318,14,4,5,5,0,-1,1
4297451,33,1.3680382764210137,13,5,3,5,1,-1,1
11983022,60,1.2310091106766332,8,3,2,5,0,0,1
2221935,16,1.3560257242139264,16,2,5,5,0,0,1
5704147,31,1.1089626468195564,8,3,5,1,0,1,0
3382778,32,1.4504829173848857,13,3,4,5,1,0,1
3840662,48,1.1521971106580178,9,3,2,2,1,0,1
8179004,60,1.164466011856689,5,3,4,1,0,1,1
4433506,31,1.083601841684397,10,2,3,2,0,0,1
4515279,47,1.321112619409107,16,3,3,3,0,1,0
6221393,50,1.0447002958467717,13,4,1,4,1,0,0
2626147,20,1.394107844299517,10,4,5,3,0,-1,0
1975780,25,0.8669627148209982,13,3,2,1,0,0,0
1746482,11,0.8752709363179514,10,2,2,3,0,-1,0
1004686,6,1.3218566887816259,11,3,4,3,1,-1,0
11225788,60,1.1278639463542468,11,4,4,4,0,0,1
1686346,10,1.0365271459617178,12,3,2,3,1,0,0
2862619,16,1.3725144331188648,19,4,4,3,0,-1,0
2768765,20,0.9981846464784788,17,3,1,3,0,0,1
3931155,22,1.0999496864249074,12,2,5,3,0,0,0
5333095,40,1.4998069875177897,9,4,1,4,1,0,0
5478183,37,1.5347855864526625,12,1,3,3,1,-1,0
2303991,32,1.5430995525675817,10,3,2,3,1,0,1
2957121,17,1.079468555766522,15,2,1,3,1,1,0
3873031,22,1.4576757262461175,12,1,1,3,1,0,0
2815879,37,0.9127617930578303,11,3,4,5,1,0,1
8575392,60,0.9232742813194846,8,3,4,3,0,-1,0
4388881,20,0.7,8,4,4,5,1,0,0
5080532,38,1.5682170504746324,15,4,3,4,1,1,1
4865737,33,0.9340050377309803,14,4,1,1,0,0,0
6609934,32,1.1183668550632349,9,3,5,5,1,-1,1
3644074,20,0.9224189145179289,7,3,4,4,0,-1,0
1501388,9,1.323791312082535,12,3,3,4,0,1,0
4154957,21,1.056091584820665,7,3,3,3,0,1,0
2211509,11,0.8237957773917626,11,3,4,4,0,0,1
2380521,17,1.260415641046515,5,5,2,3,0,0,0
4647399,32,0.7915674937974428,9,2,1,1,1,1,0
6872028,53,0.9406485686711271,8,5,4,5,0,-1,1
3311007,15,0.7,4,1,5,5,0,0,0
3934521,22,0.7940104719505983,7,3,1,2,1,1,1
9077677,60,1.1946322924301194,7,2,3,4,0,0,1
3777042,18,0.7,12,3,5,4,0,-1,0
15572387,60,0.779713568844571,13,2,1,2,0,0,0
4589610,57,1.1494077709667978,8,4,5,3,0,1,0
1136589,7,1.0140982759767367,14,4,3,3,0,0,1
5137129,38,1.6480091589898271,16,4,4,4,1,1,1
4109019,20,1.6084741365060937,16,3,5,5,0,0,0
7087559,60,0.9330193843122115,5,5,4,2,0,1,1
4895900,25,1.2892844046008705,9,4,3,4,1,1,1
3008422,19,1.3373206392198627,10,3,3,4,1,0,0
1568171,20,1.000630285493899,17,4,5,4,0,0,0
2883703,13,0.7761146158754489,14,3,5,2,0,0,1
1962417,13,1.1469253876729855,10,3,3,4,1,0,1
2307524,20,1.1067885812964722,9,3,5,5,1,0,0
4653578,33,1.0410588757573451,13,3,5,3,1,1,0
8903390,44,1.2605792170411212,4,1,5,3,0,-1,1
4142470,35,0.9623175982486002,13,3,5,5,0,0,1
1595136,16,0.8620006131052141,11,4,1,2,0,0,1
4268451,47,1.1772707425874578,14,5,3,5,1,0,0
6702417,58,1.2464925231422188,8,5,3,3,1,0,1
2267368,12,0.8558387640249867,7,3,2,1,0,1,0
3016445,21,1.3820226527477701,9,3,4,3,0,0,0
3297954,31,0.7073797155559804,10,2,2,2,1,1,0
2041225,21,1.005471635321089,11,4,5,2,0,1,0
4823296,40,1.0854978659505976,8,1,5,4,0,1,1
3040191,14,0.9909440718370175,7,2,1,3,1,0,0
4204725,34,1.0087348816122017,10,4,1,5,0,-1,1
1919364,8,1.6177686205770283,12,3,1,4,0,0,1
2514350,17,0.9372789777402752,12,1,1,3,0,0,0
5042582,52,1.7603054306179784,10,4,1,3,0,1,0
2613759,12,1.259281694932763,9,3,1,4,0,0,1
9213481,60,1.173013784327998,13,1,1,3,1,0,0
2572061,14,1.2690600883469163,10,1,1,2,0,0,0
3740802,17,1.7824819373129879,8,2,1,5,1,0,0
5720429,60,0.901601749017138,6,2,3,3,0,-1,0
1395803,16,0.8698955202659027,10,4,1,2,0,-1,1
1136557,6,0.9612834508570196,10,3,4,4,1,1,1
1308780,11,1.1580357867411402,13,4,1,4,0,0,0
6972960,60,0.7185572187968565,11,2,5,3,0,-1,1
2347555,30,1.155584809829652,13,3,5,5,0,0,1
15171353,60,1.5733867833534179,10,4,1,4,0,0,1
2330169,12,1.1878518476561943,6,4,1,4,0,0,0
3651800,40,1.0768286352561807,5,3,5,3,1,1,0
8246224,58,0.995459887829093,13,5,4,5,0,0,1
10893270,60,1.374627926137891,10,2,2,3,1,-1,1
11261519,60,0.943541806690488,9,3,3,4,0,1,1
6749775,60,1.6115989801498118,12,4,5,3,0,1,0
6043159,32,1.6333399369285893,10,1,1,4,0,0,0
4664616,60,1.2141876996654468,7,1,3,1,0,0,0
5214827,28,1.1471212279808387,13,2,1,1,0,1,0
2348502,11,1.4076649520603897,15,3,2,5,1,0,1
2000846,14,1.4236996255568313,9,2,2,3,0,0,0
3262405,21,0.9485020672351461,10,2,5,3,0,0,1
2951692,20,1.0183612167158245,8,3,3,4,1,0,1
2490672,19,0.8194131413291761,11,3,3,4,0,0,0
4964546,24,1.2522662345835143,14,2,2,3,0,0,0
5798925,28,1.3166569708642226,7,3,1,2,0,-1,0
3447100,28,0.8125185905346817,11,3,5,5,0,1,0
7932811,48,1.0362002737959601,8,5,4,4,0,-1,0
1647857,7,0.8131865206046627,12,4,2,3,0,0,0
2910409,13,0.9253000474390405,10,4,2,5,0,0,1
2126326,14,1.2877542650565748,13,3,5,4,1,1,0
1066697,7,0.9666294833304301,13,2,1,3,1,0,0
3110803,27,1.0747935109919253,14,3,3,3,1,1,1
3038733,14,0.743172068013171,13,4,2,3,0,-1,1
8105633,60,1.196747552431166,7,3,5,5,0,0,1
4773006,30,1.1389316700388377,9,4,5,2,0,1,0
1768226,15,0.9677601874917093,10,5,5,3,0,1,0
9943757,60,1.1027464255793813,12,1,3,5,0,0,1
6801272,52,1.195073720125861,8,1,2,2,0,0,1
4635518,21,0.9462829627726639,6,2,5,4,0,-1,0
2853650,36,0.7809343639995551,6,3,3,3,1,0,0
1838271,11,1.6013936081717037,11,2,1,4,0,0,1
2614741,31,0.9916818238224318,10,4,4,3,1,-1,0
6282315,60,1.1258099742032777,6,1,2,2,1,1,1
10127365,60,1.4027099337550784,7,3,3,4,0,1,1
8251834,56,2.0322637968926207,9,2,4,4,0,-1,0
2438004,22,0.8388783875277834,10,5,4,4,0,0,0
1669825,14,1.2624568034316275,12,4,3,4,1,1,1
3557368,42,0.9731119286764733,13,5,3,4,0,0,1
1131366,9,1.0153024238558221,8,5,3,4,0,0,1
3968507,18,0.9699469947483024,17,3,5,4,0,0,0
2991957,14,0.8685862580498537,14,2,1,4,0,-1,1
2471604,20,1.1396771595538346,13,2,5,4,1,0,1
1255667,8,0.7813743282379411,7,2,4,4,0,1,1
4448867,21,1.3867018916279674,6,4,4,2,0,0,1
2374694,33,1.1637507340083435,7,1,4,3,0,0,1
1620183,8,1.25560874322536,10,1,3,3,1,0,1
583408,6,1.033452847013444,15,3,2,5,0,1,1
3215492,38,1.058199016447063,10,3,5,4,1,1,1
9467268,60,1.221890976291832,8,4,2,4,1,-1,1
8857326,41,0.8589873418985435,9,3,1,3,1,1,0
2484898,16,1.060502391396666,10,4,1,2,0,-1,0
2277690,31,0.9350966215303864,10,3,5,5,0,-1,0
4330807,39,0.9273577973522463,7,2,4,5,0,0,1
1795813,13,0.7,11,4,1,2,0,0,1
3917934,22,1.4848316473699998,8,5,2,4,0,0,0
5176543,28,0.9783653117115577,11,1,2,3,0,0,1
6825389,31,1.4408440137908873,19,3,3,3,0,-1,0
3078360,27,1.417198080348573,6,3,4,4,1,0,1
2892974,19,0.8285000733708765,10,2,3,4,0,0,1
1930347,12,0.8778971910817885,14,4,5,4,0,0,0
1990450,15,1.790125739838921,13,2,1,2,1,-1,1
2853659,29,1.5877314854817857,5,4,3,3,0,-1,0
4075154,18,1.142120371667974,10,4,3,3,1,1,0
5655566,28,1.2143432766043372,7,3,5,3,0,1,0
2018959,13,0.9922883992632028,10,2,2,4,1,-1,0
8005290,49,1.2580881785500848,9,2,2,3,1,0,1
2778233,26,0.9707045248193821,10,1,5,3,0,0,0
3227374,21,0.7,12,2,2,3,1,1,1
2087907,11,0.8196110533722372,16,3,5,4,0,0,1
763337,6,1.1552731869626467,7,4,2,4,0,1,1
5556212,25,0.8672331911243529,10,3,5,4,1,0,0
5086529,31,1.1331806337716164,8,4,2,3,1,1,1
2761276,21,0.8813347401417841,10,3,3,3,0,-1,1
3403090,18,0.9544115193745015,14,4,3,1,0,1,1
4455115,46,1.3632913266032978,9,5,2,2,1,0,0
1280130,10,1.211870136910026,12,2,5,3,0,1,1
2379898,19,1.1475838946716632,10,4,3,2,1,0,1
5264826,39,1.3697409932676627,11,3,1,4,1,0,1
1540205,8,1.2701521483368368,7,4,2,5,0,1,1
3898626,27,1.5116408228128417,8,4,1,2,0,1,0
1448517,7,1.035035184421215,9,3,1,5,0,0,0
4324720,27,1.0425912553681227,16,2,4,2,1,0,0
3199851,26,0.8247226834021636,4,1,1,4,1,1,0
1240370,6,1.042754820656895,8,3,1,4,0,1,1
6575384,60,1.3911924735756114,7,5,4,5,0,-1,0
2103777,20,1.4749968430655334,10,4,4,2,1,0,1
2010408,13,1.390076292021667,11,3,4,3,0,1,0
3687065,33,0.7014520333626408,9,4,5,2,1,0,0
6512164,60,1.4207863031651835,8,4,4,3,0,1,0
1777124,10,0.7,8,2,5,5,1,1,0
3392263,23,1.3745293310305868,9,1,2,4,1,1,1
4228212,30,1.058053868357236,10,2,5,4,0,1,1
4954780,23,1.3256333284834638,11,4,2,4,1,1,0
3634074,23,0.8168879130263584,9,4,4,5,0,1,1
2622879,13,1.4427919081765366,13,2,4,3,0,1,1
1989603,21,0.7837563134737777,12,2,2,2,0,-1,0
3442423,22,0.9828862722867056,9,4,3,5,1,0,0
1718077,8,0.9004763430577412,6,5,5,3,1,0,1
566475,6,0.7114287867943752,7,4,1,2,1,1,0
4247902,23,1.173631891897117,7,3,4,2,1,0,0
5622915,44,1.6015222794592403,11,2,5,4,0,-1,1
791939,9,1.8167263055800023,12,3,5,4,0,0,1
1783630,12,1.1742889467715618,10,2,4,3,0,1,0
4739738,36,1.4291703187668805,10,4,2,4,1,1,0
11234469,56,1.2080236594821343,11,3,4,4,1,1,1
3310057,31,1.274720798692053,8,4,5,5,0,0,1
2112110,9,1.0644628372181901,6,3,3,4,1,0,1
2929265,13,1.1987692313556504,12,4,2,4,0,0,1
7458954,60,1.284369676151607,12,3,4,4,0,0,1
2218676,18,1.005385067780917,6,3,1,3,0,0,0
2023794,9,1.130626425026753,7,3,4,3,1,0,0
2446952,11,1.135392470250628,9,1,5,3,0,-1,0
1845023,13,1.356600829332631,13,5,5,1,1,0,0
3518700,29,0.8834919570930797,12,3,1,3,0,0,1
8665039,58,1.137114447848087,13,3,2,3,0,-1,0
3968296,22,1.6280013672631743,11,4,5,2,0,0,0
2809698,25,1.4410150381464844,9,4,2,2,1,0,1
2743961,15,1.4872947622221762,9,3,2,3,0,0,0
1279635,16,1.1561079600445086,12,5,4,4,1,0,0
5553094,60,1.2302493909215058,5,1,2,5,0,0,0
3119856,24,1.4005590416757312,4,2,5,4,0,1,0
2933515,23,1.5400638823827326,10,3,5,3,1,0,0
22205810,60,0.7,6,3,3,3,0,0,1
3910796,27,0.8211396732375384,4,3,2,2,1,1,0
2082178,17,1.477361025350662,9,3,3,2,0,0,1
2531152,25,1.080777661057799,7,3,4,4,1,-1,1
6511415,55,0.9820698026854806,12,4,3,3,1,0,1
3498910,16,0.8364597532510989,9,3,2,4,1,0,1
1379226,10,1.0112458246139726,13,5,5,4,0,0,0
5674751,41,0.7994076791440436,12,4,4,2,1,-1,0
2189346,13,1.672773568183119,15,2,2,4,0,1,0
10059003,46,1.1443909870048565,10,2,4,3,0,-1,1
6249605,58,1.1355123645593206,16,3,1,3,0,1,1
2499513,14,1.2970191687919579,6,4,2,4,0,1,0
7050505,39,1.3905862923166423,6,1,1,5,1,1,1
3404856,21,1.3864720391386598,11,2,3,5,1,1,1
5452933,60,1.4184054859768929,9,5,2,5,0,-1,1
4372474,25,0.9922886123022858,10,3,1,1,1,1,0
1967326,24,1.0755332987607846,6,2,5,2,0,0,0
2221893,13,1.3422579138605688,9,2,3,2,1,1,0
6064583,33,1.018152734590095,11,4,2,3,1,0,1
2674130,26,1.1487233419931937,13,4,2,3,1,0,0
2565877,13,1.2496909411062034,11,2,5,4,0,1,0
1843039,24,1.346296270577594,11,3,5,4,1,-1,1
4214997,21,0.7055797594074495,10,4,1,5,0,-1,1
11268423,60,1.3286864124722362,14,4,1,5,1,0,1
1722832,16,1.0915689855370685,9,4,1,2,0,1,0
3316868,36,1.3268644277160953,9,3,4,5,1,0,1
7627970,35,1.3442329230887071,9,5,3,3,0,0,0
3116481,38,1.5519787652797894,7,3,2,3,0,1,0
4288394,42,1.4883634119053006,10,2,3,4,0,-1,1
1728153,14,1.486642915652574,12,4,5,2,1,0,0
4226920,25,1.5109175797915595,7,3,3,5,1,1,1
2921808,19,1.2228447462039864,13,4,3,4,1,0,0
5905755,60,1.15804627175921,16,1,1,5,1,0,1
6665340,58,1.3682042707945836,7,4,5,5,0,-1,1
15459560,60,1.3330202378582556,6,2,3,4,1,-1,0
4628668,45,1.0727334408154348,12,4,2,2,0,-1,0
3974771,30,1.2512058522020668,10,1,1,2,1,0,0
3673408,20,1.1412258833038513,11,3,3,3,1,-1,1
2644784,25,0.9365167728849859,7,4,5,2,0,0,0
4005144,32,1.4726151853440874,7,3,2,5,1,-1,0
2738057,21,1.1637998106325222,10,2,5,3,1,1,0
3616714,16,1.6621770644247125,4,3,5,5,0,1,1
7206965,33,0.7436269324500417,10,4,5,4,0,0,1
1787045,9,1.0108053067891583,7,3,4,2,0,0,0
6478030,60,1.1581597091727178,8,2,2,3,1,1,0
7204879,60,1.4343452744072285,5,2,5,3,0,0,0
3045448,25,1.2498673431505463,8,5,4,3,0,1,0
915190,8,1.2276181885451878,10,3,1,4,0,-1,1
2270037,15,0.8681840518614632,11,1,4,1,0,1,0
7118422,38,0.8607646506926321,9,4,1,4,1,0,0
3224470,16,1.2306261650724761,14,4,4,3,0,-1,0
1794826,9,0.8089735015454103,10,2,5,4,1,1,1
2414819,19,1.0170305624276677,6,5,4,5,0,1,1
5413313,31,1.2752293322714643,12,3,4,3,0,0,0
4538196,38,0.9044189319308059,6,3,5,1,0,1,0
2832416,35,1.5513389905904515,9,3,1,4,1,-1,0
2623199,14,1.4559840860594724,5,4,5,5,0,0,0
2584247,36,0.7571450004154248,10,2,2,3,0,-1,1
1879570,14,0.9169071892045031,6,2,4,3,0,0,0
8616809,60,0.7,7,2,2,2,0,1,0
2694188,15,0.9543521593629666,5,4,5,3,1,0,0
6785476,36,1.3415971191430998,5,3,5,3,1,-1,0
8143980,60,1.0465262644312856,16,3,3,3,0,0,1
5950504,31,1.2651993109039918,11,2,2,4,0,0,0
2523173,22,0.7694164204295639,16,4,3,3,1,0,1
4165046,30,1.3494938136454762,4,4,2,2,0,-1,0
3221902,17,1.0112226930179125,12,3,3,3,0,1,0
1900787,10,1.1530424205707261,9,4,3,5,0,0,0
3971345,18,1.1267813746517368,7,3,2,3,0,0,0
1611339,15,0.8321128697769289,13,4,5,5,0,0,1
6666513,39,0.8617289170650544,11,1,1,4,0,0,1
2473710,15,1.3919486172508564,7,3,5,3,0,-1,0
3688372,17,1.249748039375424,10,5,1,2,0,0,0
3874676,41,1.4125122603883566,11,5,2,4,1,0,1
2798676,15,1.2311645588756295,8,2,4,4,1,1,0
4648319,29,1.185747658702304,12,3,5,4,1,-1,0
2458489,22,0.7184973453333083,10,1,3,4,1,1,1
5513875,39,1.0824083258097075,7,4,5,4,0,-1,1
1457760,12,1.143153919899064,4,3,2,1,0,-1,1
3526539,22,1.6382767995681435,11,3,4,5,1,0,1
10463016,51,1.3217391580246693,15,2,4,4,0,-1,1
1793718,11,1.534015295427382,7,5,5,3,0,0,0
2176770,13,1.299384426473682,11,3,5,4,0,1,1
4449688,30,0.9721741932626301,10,2,5,4,0,-1,1
3640927,46,1.1792810540374628,7,3,2,2,1,0,1
4034439,38,1.2090559115660582,11,2,1,3,1,0,0
4384176,30,0.9152111075573295,14,3,1,3,1,0,1
4784216,41,1.0539031558517695,15,5,3,3,1,0,1
6361787,60,1.0985582515807069,13,4,2,2,0,1,0
4180290,28,1.5514049581412794,8,3,4,2,1,-1,1
2828466,23,0.7,12,4,3,2,0,1,0
4894115,45,1.4514546051790107,12,3,4,3,1,0,0
10220736,60,0.9158011912601542,16,2,4,5,0,0,1
3018950,33,0.8069802031825963,17,5,5,3,1,0,1
1821703,8,1.444985532509616,10,3,4,3,1,0,1
6351797,31,1.3329745173085952,7,3,4,3,0,-1,0
3041226,17,1.4636296755952973,7,5,2,4,0,-1,0
887708,10,1.350175486886394,9,2,5,2,0,0,1
5435450,29,1.6649612504343505,9,4,5,2,0,1,0
2370954,12,1.2896809592361214,8,5,3,3,0,-1,1
3096181,16,1.1108806559692104,3,3,5,5,1,1,0
3989546,45,1.2357315943303355,11,1,1,4,0,0,1
3664856,21,1.4608672820864907,6,3,2,2,0,1,1
5003614,25,0.9551561686849707,12,2,3,3,1,0,0
2517326,16,0.9870278543671547,17,3,1,2,0,-1,1
4447547,26,1.072759996350523,8,4,4,2,0,1,1
2797598,20,0.7,10,3,1,4,1,-1,0
5092534,34,1.1845196021043867,5,3,3,3,1,0,0
4728981,60,0.7,13,3,5,4,0,0,0
1864935,11,1.1632648282331546,9,3,2,3,0,0,0
6271896,60,1.3663224390338125,7,4,3,4,0,1,1
2370050,17,1.030780884839041,22,3,1,3,0,1,1
5308578,46,1.5692789675467176,8,4,1,3,0,1,1
4074963,26,0.784874775145378,7,3,3,4,1,1,1
9849292,60,1.447815170407958,7,3,3,2,1,0,1
2858822,16,1.3187842641017302,11,2,3,4,0,-1,1
2650900,14,0.7209916879223277,9,3,5,5,0,1,1
3231148,34,1.827698574760133,10,3,3,2,0,0,0
2725308,31,1.1340636786240084,6,2,4,5,0,-1,1
5282791,57,0.9306289944610919,15,5,2,2,1,0,1
1239493,6,0.7982282013039956,14,3,2,3,1,1,0
1737209,11,1.0949954930850814,10,5,4,4,0,-1,1
1722553,12,1.11814828190251,14,1,1,4,0,1,1
5781562,60,1.175661382134916,7,3,1,2,1,0,0
9123536,54,1.07555096094401,6,1,1,4,0,-1,0
3070437,15,1.3083063275287734,7,2,1,5,0,1,1
2954107,15,1.0530925418341883,15,4,5,2,0,1,0
3409346,20,0.7,5,1,4,5,0,0,0
6564106,60,1.1126596260875896,9,3,2,4,0,0,1
1874004,21,0.7,9,2,4,5,1,0,1
3771643,48,1.2384426577228473,6,3,2,2,0,1,0
5868552,54,0.905174942429341,13,4,1,4,0,-1,1
4415609,48,1.19084008872895,13,3,5,2,1,0,1
3662838,33,1.478518745381151,7,4,3,5,0,1,1
5960277,46,0.9128128261829999,13,3,3,4,0,0,1
645680,6,1.4153140646280293,13,5,1,3,0,0,0
4909708,30,1.0416526083284616,11,4,1,2,0,1,1
2207904,11,1.5882987005163962,11,3,4,5,1,1,1
1089925,6,1.0587118467004466,7,3,5,4,0,1,0
4442472,51,0.939876753623327,7,5,5,3,1,0,0
7453506,41,1.321809612598822,9,3,4,3,1,1,0
3010241,27,1.041052567594091,9,4,5,5,0,1,1
5790474,34,0.9396376214677478,9,3,5,3,0,-1,0
8600810,60,1.030540037324052,15,2,3,2,0,0,0
7195372,32,1.1388483669542495,10,4,5,5,0,-1,1
8744878,60,1.4855450328112134,8,3,1,3,0,1,1
5102680,45,0.7,12,3,3,3,0,1,0
3420373,16,1.155770164737605,8,3,1,3,1,1,1
1250208,16,1.3062258986635107,15,2,1,5,0,-1,1
2820324,16,1.198362143747949,11,4,4,3,0,0,1
1971000,11,1.4774662923583834,7,5,5,4,0,-1,1
12025808,60,1.1314136675603688,11,4,5,5,0,1,1
2941612,13,1.1038621394535135,14,3,5,1,1,0,1
3519828,16,1.2980823867533358,6,3,5,5,1,-1,1
4551153,57,1.1748284537378373,13,4,3,3,0,-1,1
3355668,17,1.052397815429882,7,3,2,4,1,0,1
9038742,54,1.2790360098965947,11,3,1,3,1,0,0
2249931,13,0.9868679266958387,11,5,2,4,1,1,0
3673900,41,0.9972057119951682,10,3,2,3,1,0,0
2093855,12,1.0180014945585965,10,3,2,1,1,0,0
1480642,6,1.4882672900416019,12,1,3,5,0,-1,1
2264667,10,0.7,8,1,2,1,0,0,0
3197174,23,1.2488997086907354,9,1,3,5,0,1,1
2526684,33,1.1585679535500555,7,5,4,2,0,0,0
2157687,17,0.7297823851904699,9,3,4,3,1,-1,0
1405929,7,1.2274316947840005,9,3,4,5,0,1,1
3110010,17,1.268937997957883,15,4,3,3,1,-1,0
1325324,9,1.29740980783935,6,3,3,5,0,1,0
5157866,60,0.7,14,3,1,3,1,0,1
3434781,25,1.4915973529636095,14,2,2,3,1,0,1
1363368,9,0.9655658238287896,7,4,5,4,1,-1,1
2715467,12,1.3216419366882939,12,2,5,3,1,-1,1
2081722,12,1.3352684451705714,14,1,2,3,0,1,1
3959010,33,0.9308257285951766,15,2,5,4,0,1,1
7306466,49,1.3151149880878874,16,2,5,3,1,0,1
1061184,13,1.0536266897719104,7,2,5,3,0,-1,0
3502598,16,0.7,10,4,3,5,0,1,0
2969548,23,1.4419354813819447,8,2,3,5,0,0,1
4890494,34,0.9562387592459399,15,4,3,3,0,0,1
3715106,30,0.9363766343154863,9,1,2,4,1,0,0
2081956,12,1.0492335329908193,10,2,4,4,1,0,1
2699474,15,1.2180591813318469,11,3,5,4,1,0,0
2027642,11,1.1356823972944743,14,5,1,3,0,0,1
6234470,56,1.2870167311767926,16,4,3,5,0,0,1
3311086,28,0.8151276583678352,12,5,1,2,1,1,1
10228765,60,0.9644034073923162,8,4,5,4,1,0,1
3152175,18,1.1210007319196165,12,4,4,5,1,0,0
2137090,28,1.6244718231646762,14,3,1,4,1,0,1
1318191,8,1.1215468653965603,12,3,5,5,0,1,1
1108054,6,1.4213055659154077,6,2,5,3,0,-1,0
1263654,6,1.1596387921960793,10,3,3,3,1,-1,1
3837286,27,1.0290853406406077,8,3,4,5,1,1,1
4435873,31,1.0883188939713897,7,3,5,3,1,-1,0
1265889,15,1.1078950719927796,16,3,4,4,0,0,1
5592981,32,1.3009114347401844,11,2,3,2,1,1,0
2446486,12,1.4936528168941385,14,3,1,4,0,0,0
3569998,33,1.2399202119215802,11,1,2,4,0,-1,1
8600512,60,1.4467694196854388,9,5,2,3,0,0,0
5599028,28,0.9088025655925785,13,2,2,3,1,1,1
2782559,13,1.0463423727964922,12,2,4,4,0,0,1
1915108,17,0.9689243664480832,14,4,2,1,0,1,0
898885,6,1.2286111477187132,10,3,1,4,0,1,1
2123355,21,1.0602604037051464,10,2,5,4,1,0,1
2880060,33,1.3324432342585488,10,3,4,3,0,1,0
1807928,8,0.9172495720918895,9,2,1,4,1,0,1
3021445,15,1.1607577433303202,11,2,4,3,0,0,0
3423284,18,1.3217144777530638,7,1,4,3,0,0,0
2856439,36,0.7,14,3,4,3,1,-1,0
2213307,11,1.6804078268325506,12,4,3,4,0,0,0
3617134,26,1.079212028780031,9,3,5,5,0,0,1
4261639,35,0.7,13,3,2,2,0,0,0
1699357,11,1.1895234746441965,15,2,3,3,1,0,1
7622076,60,1.1583608669932877,11,3,5,2,0,1,0
3081253,16,1.1295264051068767,10,4,2,4,0,0,1
3306199,21,1.3977977782316664,12,1,3,3,1,1,0
4999900,51,1.3368612428567639,17,4,3,4,0,1,1
3760000,38,1.2244690477559612,11,3,1,3,0,0,0
5791384,59,1.2625389084866618,11,4,3,5,0,0,1
3883605,49,1.1239103876404783,14,3,4,4,1,0,1
2263759,14,1.593872712310012,8,3,3,5,0,1,1
4060846,20,0.7802009954105582,10,4,4,2,1,-1,0
1645844,22,1.184912918553974,10,4,5,4,1,0,0
3489035,45,1.166256157797195,9,2,5,4,0,-1,0
3204485,20,1.3533201015161482,9,5,4,4,1,0,0
2885272,14,0.9390365306437751,9,1,1,1,0,0,0
3026379,25,0.7140818494008658,13,1,1,5,0,-1,1
1056942,8,1.1892057540245482,10,3,5,3,1,0,0
2351972,14,1.220307623054651,8,4,3,3,0,1,1
3456292,31,1.5223998523619122,10,5,5,3,0,1,0
3598090,48,0.8324094884187283,10,3,5,4,0,0,0
1764529,9,1.43867344167918,9,1,4,4,0,1,1
6986041,42,1.7418535910067803,10,3,1,3,0,1,1
1944071,12,1.0555587781193807,10,2,4,3,1,-1,0
5848374,32,0.827264445126694,5,3,5,4,1,0,0
4224099,24,1.0482564084066572,15,3,2,3,0,1,0
2218326,21,1.1535012418428452,8,1,3,5,0,0,1
9484662,60,1.2909469687517285,8,3,5,5,0,1,1
1597288,17,1.0021513175404881,10,3,4,3,0,0,0
5674497,60,1.5387996335368355,9,4,2,1,0,-1,1
5958619,34,0.8713669212479844,12,3,2,5,0,0,0
2186096,10,0.7151987119568,11,2,5,2,0,0,0
7538088,35,1.4266776060718294,10,2,1,3,0,0,0
2813590,17,0.7,5,2,2,2,1,0,0
3887264,39,1.0989675577818208,8,2,3,2,0,0,0
3821651,44,1.929420282302012,10,4,4,5,1,0,1
3015917,15,1.146989111760017,13,5,4,4,1,-1,1
5317346,33,0.8698080873259375,8,4,4,5,1,1,1
5262376,32,1.1356506340533015,10,3,5,3,1,0,1
1144960,6,1.1372998028451164,6,3,4,3,1,1,0
7149865,40,1.190162485088279,14,3,4,5,0,1,0
1205620,6,1.3155657455399048,14,5,3,5,0,0,1
6073998,60,0.890222207908065,6,5,1,4,1,-1,1
6427029,35,1.5718870138091983,10,3,5,2,1,1,0
1698778,8,1.2112785710931544,16,2,5,4,0,1,0
2554868,22,1.331698511600451,7,4,4,3,1,-1,1
1683822,10,0.9929626500610893,5,2,3,4,0,1,1
2873517,24,1.4715955342488833,7,4,2,4,0,-1,0
2717381,12,1.0857368977967337,5,4,4,4,0,-1,1
5218895,60,1.219388128373383,11,2,4,4,1,0,0
7175516,45,0.9167234807032226,12,5,5,4,1,-1,0
7552659,60,0.9007670933994683,5,5,5,2,1,1,0
2333078,13,1.3220513266132206,6,5,4,3,1,1,0
2883360,29,1.0390982924481533,12,3,5,4,0,0,0
1190563,11,0.9365442281239056,11,2,3,3,1,-1,1
2015701,13,0.9892041644932423,8,3,2,3,0,0,1
5832235,28,1.3247382679293551,12,3,2,2,1,0,0
8617880,60,0.9927405346990972,11,2,2,3,0,0,1
1558743,17,1.1205862670994589,8,3,4,5,0,-1,0
2291051,12,1.1537569375717742,14,4,4,3,1,0,0
3217632,22,0.7,10,1,4,4,1,0,0
3867414,18,0.7822183986566205,9,3,3,4,0,1,1
2011191,21,1.2340694723118906,10,1,2,1,1,1,1
4216165,25,0.9657426597118256,14,4,5,5,0,0,1
2460060,23,1.4141812278201045,9,3,5,3,0,0,0
3240793,34,1.391701776062636,9,1,1,5,1,-1,1
4536972,26,1.3297921665888592,11,5,1,1,0,0,0
3281638,20,1.6049429468281493,10,1,5,2,1,1,0
2515968,13,1.1292276680642042,15,3,2,3,0,0,1
3060944,26,1.3122204814759597,7,4,4,3,0,-1,1
3100215,22,1.0038997558509921,13,4,5,5,0,0,1
2618188,20,1.7630924782171808,12,1,5,1,0,1,0
2798858,12,1.6459084131090047,7,5,1,4,0,0,0
8530753,60,1.152970108629448,8,5,2,2,1,-1,0
4576987,40,1.246646557476298,10,3,5,5,1,1,1
2737927,22,1.4898243998412013,10,3,4,4,1,0,1
4966235,32,1.1132151237964731,11,1,4,3,1,0,0
2675664,24,0.9858439823000738,11,3,3,3,0,0,0
6608549,31,1.3684974377517205,7,3,4,4,0,1,1
4080725,37,1.1696098115209175,8,4,5,2,0,1,1
3065185,14,1.195748612411315,15,3,5,2,0,0,0
4276434,50,0.9414321642330086,13,4,4,4,1,-1,0
1273748,7,0.7205819629091508,16,2,1,5,0,0,1
1662677,8,1.2090356024697753,10,2,2,5,0,-1,1
1597012,16,1.3762405103735498,8,2,5,4,0,-1,0
3561761,16,1.0935483127309895,11,1,4,4,0,0,0
9244219,60,1.5091073798897165,8,3,4,5,0,-1,0
12469298,58,0.9740209186461137,9,4,5,4,1,1,0
4793784,27,0.8863238862585199,7,3,3,3,0,-1,1
4414948,38,1.1331924232009671,9,3,2,5,1,0,1
1109439,11,1.1293518561621774,11,4,5,3,0,-1,0
2360527,20,1.3424921828338054,9,3,4,2,1,0,1
2037694,24,0.9562592939840038,9,3,3,4,1,-1,0
2252365,24,1.4920235592037243,13,3,5,2,1,0,1
2955308,34,1.6417292406270634,15,4,2,3,0,1,1
2462642,18,1.1402139932579145,10,2,3,3,0,1,0
996914,6,1.4624276050460796,9,1,4,4,1,0,1
5120415,56,0.8858757323436849,15,3,1,5,0,-1,1
1717455,19,1.418805385295479,10,5,2,3,0,-1,0
3773630,22,1.4118191021398656,7,3,3,3,0,1,0
11346837,60,1.3658593200474696,8,4,5,2,1,0,0
1882985,22,1.1461092277824265,9,4,5,4,0,0,0
716280,7,0.7,15,3,3,4,1,1,1
2753538,13,0.9895682140869676,10,4,5,3,0,1,0
6328512,32,0.9935209955788494,11,4,3,3,0,1,0
10585635,60,0.9054362654848805,5,2,2,4,0,1,1
1563238,9,1.1805607511367664,10,3,5,4,0,0,0
4403981,29,1.0452591386196912,8,2,2,2,0,1,0
2472681,14,0.9438469975587445,12,3,4,3,0,0,0
3067676,17,0.8852999629380449,5,4,4,3,0,1,0
15976125,60,0.9711217536286927,5,3,4,5,1,0,1
1326716,12,1.4303748029624819,10,3,4,5,0,0,1
3806587,50,0.9847437363431264,6,4,5,4,0,0,0
4327999,31,1.0212653233916817,11,3,3,5,0,-1,1
6271159,30,1.0358255962441882,10,3,5,4,0,0,1
3466964,22,1.2347483784523547,9,4,5,5,0,0,1
3932674,20,1.2640623721321331,15,3,2,2,0,0,0
2584417,11,0.7,5,4,3,3,1,0,0
3841894,40,1.405408803456902,7,1,1,4,0,0,1
2660659,15,1.5090920085609385,11,2,1,4,1,-1,0
4746619,27,0.8874533656595825,7,3,3,2,0,0,0
2618818,12,0.9069254388162913,13,3,1,3,1,1,0
4099027,18,1.037436653055432,7,5,3,3,0,0,1
3212121,18,0.9609989951358487,6,5,2,3,0,0,0
6424505,60,1.2059817184866515,9,4,2,3,1,0,0
3169751,16,0.7,6,3,5,4,0,1,1
1128252,13,0.8705180979908149,10,5,1,5,0,0,1
6970189,37,1.5347993000437268,11,4,3,4,0,-1,1
1898473,9,0.9179450081629954,9,3,2,5,1,1,0
2208314,17,1.4608570695257312,14,4,5,5,1,1,1
2286660,13,1.238834548897534,5,1,1,3,1,1,1
7456993,55,0.7,11,2,1,3,1,0,1
907633,6,1.3088322988040515,9,4,1,2,0,1,1
21480349,60,1.1205831744517867,4,3,2,5,0,0,0
6160287,33,1.0361332359375648,13,3,2,2,1,1,1
3737559,17,1.2112392732930009,5,3,1,4,1,1,0
3163101,14,1.268658371391698,8,5,2,3,0,1,1
3879948,40,1.3268979554936549,7,3,1,5,1,0,1
4468992,22,1.4445632118870004,12,3,4,3,0,1,0
4814435,26,1.252033978194589,9,2,2,5,1,-1,0
4562415,42,0.8060914778034094,13,2,3,3,1,-1,1
3449529,43,1.0315886355872022,15,5,2,3,1,0,1
2903992,26,1.8857620838171552,16,3,1,4,0,0,1
2985375,14,1.3311227650954318,8,3,3,5,0,-1,1
2908229,17,1.742321825202874,12,3,5,4,0,0,0
6454331,36,1.4988585205497962,6,4,3,5,0,-1,0
4667499,42,1.210450517888937,6,3,3,4,1,0,0
560041,6,1.2253517674452792,7,4,2,4,1,1,0
4845400,60,1.1408549900307885,14,3,3,3,0,1,1
3674184,29,0.715548846038375,11,1,3,3,0,0,0
3232527,19,1.154511813117056,11,5,1,2,0,1,0
2589276,28,1.4526686381355491,14,5,2,5,0,0,1
6417040,33,1.000090001294699,8,5,1,5,1,1,0
5771923,54,1.2529882497654523,11,5,2,4,1,0,0
2056001,12,1.3628977614732993,10,4,5,3,1,1,0
4173357,31,0.922579890171881,6,4,3,3,0,1,0
1824845,11,1.0371742839140838,4,4,2,5,0,0,0
1428633,16,0.8955221273807101,8,3,3,2,0,0,0
2244446,30,0.9444585983276482,12,2,3,5,0,0,1
5484497,26,0.8280986790867346,12,3,4,3,1,0,0
5791344,52,0.9248878846554932,14,5,1,3,0,0,1
4447493,23,1.5048639201994596,8,3,2,5,0,0,1
5050801,22,0.9211307427274268,2,4,5,2,1,0,0
4455754,43,1.1816148047651724,8,1,4,3,1,0,0
2224651,20,1.0242828115822609,8,3,1,5,0,1,0
4236099,25,1.4447164842592346,7,3,5,4,1,1,0
5284273,24,1.477790574150904,16,1,5,4,0,-1,1
5140057,24,1.3660174955347366,7,2,3,4,1,0,0
6671451,45,1.2265336382756888,13,2,1,2,0,-1,0
5000169,26,1.0922351157897752,14,4,4,3,0,-1,0
4036420,44,0.8520313239521875,8,1,2,3,0,0,1
6212600,28,1.6358822202805492,7,2,2,3,0,1,0
3217409,14,0.9600817455618615,8,1,4,3,0,1,0
1925844,20,1.3159115867582103,15,4,3,4,1,0,1
2964324,25,1.414891393155849,9,3,3,1,0,0,0
2090802,24,1.0111798757736676,9,3,5,4,1,1,1
2180125,19,1.4095031318289903,9,3,1,1,0,1,0
2997498,15,1.3410533008347136,11,2,5,2,0,1,0
2032034,16,1.5819909588454413,7,4,2,3,1,-1,0
2717500,32,1.032663383393322,7,4,4,5,1,0,0
1049507,8,0.8285339956800712,10,2,1,2,0,-1,1
3715323,17,1.023627561138872,17,3,4,4,0,0,0
3271382,19,1.2022133856335828,8,2,1,4,1,1,1
2002179,15,1.164553181771264,13,2,2,3,0,0,0
4855134,51,1.0516405259313624,10,4,2,4,0,1,1
5737545,26,0.7,10,3,1,5,0,0,1
1246018,6,1.2676207490322766,11,2,3,4,0,1,0
2068563,18,1.64308611977055,12,3,1,2,0,-1,0
2060614,25,1.266062809530751,10,5,2,4,1,-1,0
1859946,23,1.3022838797633782,9,4,4,4,0,0,1
5377235,60,1.2931113265387753,14,4,5,1,0,-1,0
2910118,18,1.2492616674705999,16,3,4,2,1,1,0
2789271,13,1.3829164917170236,10,3,2,2,1,-1,1
982330,6,1.2488434202964163,6,3,4,2,0,1,0
4786216,24,1.0718307075866809,11,1,3,3,1,-1,0
1554158,11,0.9510027724978114,10,3,3,3,1,0,1
3388708,19,1.087756586179831,12,3,1,3,0,1,1
3860959,21,1.2285323741126664,11,2,4,5,0,1,1
7395595,60,1.0709792597192567,18,4,4,4,1,0,1
1490627,12,1.2285846707828576,16,2,2,5,0,1,1
534075,6,1.2597875334251043,11,3,1,4,0,0,1
3650262,45,1.3582948578175453,10,2,1,2,1,0,1
9629161,60,1.470698742209745,20,3,4,3,0,1,1
6874763,45,1.1695018546197142,10,1,5,5,1,0,1
3707230,16,0.8230558587130847,10,2,4,2,0,0,0
2433931,17,1.0637239757952024,3,3,4,2,0,0,0
5305600,27,1.1610156418516497,7,3,4,3,0,0,0
1822778,13,0.7,10,3,3,3,0,-1,0
4350557,22,1.4971661300256205,5,2,1,3,1,-1,0
4427218,27,1.1855944781276164,13,3,3,2,1,1,1
6175657,30,1.245338208645071,12,3,5,3,0,0,1
17120652,60,1.4913816156315662,10,3,2,4,1,0,1
4136868,25,0.9924642924644131,14,4,5,3,0,1,1
2408758,14,1.2935104827210075,12,3,1,4,0,0,1
3219238,24,1.122533969224516,9,3,2,4,0,1,1
1130934,12,1.10397828324602,11,5,5,4,0,1,1
2154721,25,0.9569519030489051,9,4,1,3,1,1,0
2557218,35,1.5664008034216317,15,5,5,4,0,0,0
2386997,11,1.0561249899811072,11,4,2,1,0,0,0
3581932,33,1.3248660617239254,13,3,2,3,0,0,1
1995785,19,0.7,11,2,5,4,1,0,0
6405185,35,1.4449971324224467,9,4,3,2,1,0,0
3269423,27,1.4130527889892646,9,5,5,3,1,0,0
3250826,22,1.1743585275743256,6,3,5,3,0,0,0
2685193,28,1.093264383465519,4,4,5,2,0,-1,0
3588031,16,1.2500000014033916,5,3,3,3,0,0,1
5363133,27,1.7221976652200723,8,3,4,5,0,1,1
1942957,9,0.7091908252741286,14,5,2,3,1,-1,1
2202558,16,1.3455068468935318,8,4,1,3,0,-1,0
2724415,14,0.9220956744615243,13,5,2,4,0,0,1
1457856,15,1.145020400925067,10,4,2,4,0,0,1
1999575,28,1.0880299702303342,8,3,4,5,0,-1,0
2456547,33,1.042920435550561,12,3,2,5,0,-1,1
5524114,34,1.1473837177368176,10,5,2,4,0,0,0
3826789,27,0.8664572136805523,10,3,3,5,0,1,0
3671658,24,1.4072951090319916,11,2,3,3,1,-1,1
5446799,60,0.7014641222003498,10,3,3,4,0,0,1
3010380,22,1.2849411282070855,13,3,3,5,1,0,1
4132028,23,1.0683660368663572,10,1,3,4,1,-1,0
3072699,22,0.8572687765481365,3,4,1,5,1,0,0
3833226,21,1.2005958426496737,9,2,4,2,0,0,0
2304432,21,0.7607622283233804,16,3,5,3,0,1,1
756690,6,1.1599284554299085,8,4,3,5,1,0,1
3015971,19,0.7942807730471113,7,3,4,3,0,0,0
7676305,60,1.2653180210794577,10,4,5,4,0,0,1
5698589,54,0.9189106665924061,15,3,2,1,0,1,1
5834146,35,1.0372514957426726,15,5,2,4,1,-1,0
6863159,35,1.2234873469857905,15,2,4,5,1,0,1
3447619,26,0.9568644720394409,7,1,1,3,0,1,1
3679875,33,1.1355090000829242,9,4,1,1,0,1,0
2256688,11,0.7715423746887865,17,4,4,1,1,0,0
2704307,15,1.3077189008990389,9,2,1,5,0,0,1
4730127,34,1.5912284513876926,10,5,1,4,0,0,0
6731648,47,1.8480522169774902,11,3,2,2,0,0,0
3006635,29,1.1727920366666098,11,5,1,2,1,0,0
2495217,15,1.3470510351992966,8,3,1,5,0,1,0
3270053,26,0.7048435817731276,7,3,4,5,0,1,0
4688972,21,1.525683581576397,10,3,1,2,0,0,0
1374618,9,1.3440571261810264,11,3,3,3,1,1,1
824301,6,1.0290166387621917,9,3,3,4,1,1,0
2349417,15,1.459295200072252,9,3,4,4,0,1,1
1571549,7,1.0863809808386646,11,1,3,5,1,1,1
2409948,12,1.0354937042463608,11,2,2,3,0,0,0
2991638,21,1.2688337313568727,9,2,4,4,0,0,1
2490641,14,0.8841613750424202,6,4,1,4,1,-1,1
7814413,49,1.4054061910999869,12,3,3,5,0,-1,0
3977033,27,0.8860025470182891,11,4,2,3,0,0,1
3914838,39,0.8874863025442034,16,5,4,3,0,-1,0
4748428,34,0.9225775528979163,12,3,4,3,1,0,1
1650683,15,1.3398750093790304,11,5,1,5,1,0,1
6097973,29,0.995806159620073,16,3,5,3,1,0,1
3123739,25,0.8130010539082078,12,2,3,3,0,-1,1
4887973,22,0.9985800000160504,19,3,2,4,1,-1,1
1718368,11,1.1419894073298782,10,3,4,2,0,-1,0
1286897,7,0.8547568790839035,8,4,3,1,1,-1,0
5339987,35,0.8620797227414141,6,3,2,3,1,1,0
4097328,45,1.677824083524896,14,2,2,4,0,0,1
1902670,15,0.9348586490465282,8,4,4,4,0,0,0
1940007,22,1.0692394078067482,5,3,3,5,0,-1,0
6422133,39,1.0581907498001784,6,2,2,5,1,0,1
1601342,11,1.0446607980573894,12,3,4,3,0,0,1
8759100,46,1.3053366849922754,12,5,3,4,0,-1,1
1904304,18,1.3870357376180122,9,4,3,2,0,1,0
4794764,50,1.0735113921171018,10,3,4,2,0,1,0
2684027,20,0.8408804283519127,8,3,3,2,1,0,1
4694548,22,1.4686100569622258,10,1,5,3,0,0,0
2358488,13,1.1261647272008293,9,3,2,3,0,0,0
2964812,22,1.582580453714292,12,4,2,3,1,0,0
3350270,22,0.7,8,3,3,4,1,1,1
1791721,21,1.19885080532083,5,2,4,3,0,-1,1
5098692,23,1.629651583469052,12,5,1,4,0,0,1
2402623,14,1.0616839661404605,9,4,3,3,1,0,0
2850029,25,1.093626644166341,16,3,1,2,0,0,0
1800167,11,1.2238779228975847,7,2,3,2,1,1,0
702639,8,1.0103010452787606,17,2,1,3,0,0,1
2915008,13,1.0719820169868166,12,2,3,2,0,-1,0
13902361,60,1.0655462264521491,9,3,4,4,0,0,0
5234398,31,0.9931448163934066,16,2,1,4,0,-1,1
3231457,30,1.4572141375501397,13,4,5,3,1,-1,1
2791990,15,1.2652695080741088,7,5,4,3,1,0,0
3313380,17,1.2126570580258254,6,3,3,5,1,0,1
4539245,26,1.352142751722529,8,3,1,3,1,0,1
1609625,9,1.083911041699133,13,4,2,2,1,0,1
6379453,31,0.9564490454117748,7,5,4,4,1,-1,0
5021447,60,0.9993439238463606,2,4,1,4,1,0,0
5029903,42,1.1504457602761522,8,1,4,4,0,-1,1
4252788,39,0.8851970729067744,7,2,1,4,0,1,0
3307721,15,1.024934745853331,10,4,2,2,1,0,0
4894960,38,1.0209708395321413,9,4,5,3,1,0,0
4662621,25,1.6811390574572533,9,2,2,3,1,1,0
2643397,15,0.7,11,3,3,4,1,0,1
2317127,22,1.1050950696485915,8,4,4,5,0,1,0
3475030,32,1.5814234482036926,9,2,5,3,1,1,1
8280484,60,1.1804611160331133,7,4,4,2,1,0,0
1554299,11,1.3383543683552732,9,1,1,3,0,1,1
1355234,12,1.1749565787749419,7,4,3,2,1,-1,0
3608694,49,0.9831666546958798,15,3,3,3,0,0,0
3370368,16,0.7,7,3,4,4,1,1,0
3627321,16,1.2013639217590757,7,4,3,5,1,-1,0
3784301,31,0.9560983488494021,8,4,4,3,0,0,1
2859274,23,0.949916148458674,10,5,1,3,0,1,1
7991731,60,1.0252531860052219,8,3,1,2,0,1,0
1251004,7,1.5862153516558732,9,4,4,2,0,0,0
1988521,10,1.7512093855634931,11,3,2,2,0,1,1
3072638,33,1.2043019843821001,4,3,2,4,0,0,0
1219664,12,1.033808194022068,8,4,1,2,1,0,0
2941668,15,0.8556933956371973,9,1,5,5,0,0,0
8858447,54,1.2671350403865171,14,2,2,4,0,0,1
3310242,43,1.5957264000162859,11,3,4,4,1,0,1
3754330,22,1.0881649032437106,9,2,1,3,1,0,0
1534785,13,0.7,11,5,3,4,1,0,0
2258436,18,1.3175124179538809,9,3,3,3,0,0,0
2610055,14,1.3963499278625122,5,3,2,3,0,1,0
2701643,14,0.7535385899035381,6,4,5,3,0,0,0
7053159,54,1.194121045915738,10,3,2,5,0,0,1
4568130,21,1.2628065040340246,14,3,5,3,1,1,1
1678020,12,1.1317231744977654,8,1,2,3,0,0,1
3790099,20,0.9523072702286615,7,3,3,3,1,1,0
4408006,30,1.403984305890889,11,2,5,2,0,-1,1
6479082,31,1.0491550635078293,9,4,3,2,0,0,0
8438578,40,0.7787034593250168,11,3,4,2,0,-1,0
1777900,21,0.7,9,3,4,4,1,-1,1
2009678,9,1.4652123799998273,7,3,1,3,0,0,1
1537169,7,1.3041659941177794,10,2,3,4,0,0,0
2840776,15,1.1719933867822923,8,5,3,4,0,1,0
4324534,43,1.039931340787299,11,1,1,2,0,0,0
5911444,30,1.0177503964492183,12,4,4,4,1,0,0
3123389,15,0.881065837889597,12,3,4,4,0,1,1
2698189,23,1.0421360888600286,7,3,5,4,0,0,0
3580649,16,0.7,10,3,5,4,1,1,0
1980607,25,0.9659840866328714,8,5,4,4,0,0,1
11452553,60,1.0722656209122265,9,2,2,2,0,-1,0
1245943,8,1.3024700117976047,8,3,3,4,0,0,1
3652214,23,1.140018384156659,13,5,5,3,0,0,1
11008340,60,1.3487307784688896,8,4,2,4,0,0,0
3282381,45,1.4872837762783573,12,3,5,3,1,1,1
2916738,13,1.4145425234560254,12,5,1,5,1,0,1
2638002,34,1.267627461844639,9,4,3,3,0,0,1
2933670,32,1.152965669795196,6,2,5,4,1,0,1
7449884,60,0.9048029978966101,15,3,4,4,0,-1,0
867076,6,1.334986012844829,14,3,1,5,0,0,0
8203407,39,1.5699368455553822,7,3,1,4,1,0,0
1391128,8,1.2355265099126045,7,4,4,2,0,0,0
2785696,14,1.6293147871065305,10,3,1,5,0,0,1
2526772,35,0.768607072984729,12,1,3,4,1,1,1
4653508,30,0.8614591538051146,8,4,5,4,0,-1,1
1253092,9,1.3638003769370655,8,2,1,5,0,0,1
4313687,29,1.2160725525383127,13,5,3,3,1,1,0
11012987,60,1.4784455441429518,5,5,4,3,1,1,0
1442799,8,1.146132089818315,9,5,5,4,1,0,0
3663112,25,0.933006144367917,9,4,4,4,0,1,0
2197455,11,1.0966016894487394,9,2,5,3,0,-1,0
4220787,29,0.7668290072690664,9,3,1,4,0,0,1
3306790,35,0.8678523317257413,5,2,1,3,0,1,0
2224644,13,1.3931109994795023,8,2,5,4,0,1,0
4380718,45,1.3681968536174023,8,3,3,5,1,0,0
9651354,48,1.240751071201519,8,1,3,2,0,-1,1
2915225,17,0.7197306197598825,11,5,3,4,0,-1,0
5034650,53,1.0603991061217777,7,5,2,4,0,0,0
1504597,7,0.8437500278349872,11,3,3,3,1,1,1
1841586,12,1.4441333134469412,7,3,1,3,1,0,0
4340255,53,1.0040694666093497,14,3,2,1,1,0,1
7964220,48,0.8785630723046125,11,4,3,4,0,0,1
4046520,37,1.157449041280356,14,4,1,3,0,1,1
2709203,14,0.989961385791347,12,2,2,3,0,-1,1
3267627,16,1.5209359775509266,14,3,1,3,1,0,0
1543796,7,0.9662972756164522,10,3,5,3,0,1,0
4698290,32,0.8001929351938422,9,5,1,4,0,0,1
5550507,40,0.7,12,2,2,4,0,1,0
2492372,13,1.1423033743966462,8,1,3,3,0,0,1
2465671,27,1.0095174715355184,9,4,2,4,0,-1,0
3834413,25,0.7927738483720682,11,4,3,4,0,0,0
2515464,16,1.4473066153139462,11,4,3,3,0,0,0
3141843,37,1.3168112868573103,13,3,4,2,0,0,0
11522740,60,1.1429455302656926,11,4,5,5,0,0,0
2818695,14,1.4910815610427166,10,3,4,4,1,0,0
2636587,13,1.3156340083496532,6,1,2,4,0,0,0
2216577,26,0.9442860246203918,17,3,4,2,1,0,0
5109004,60,0.8901949590023084,11,1,3,5,0,0,1
2932205,26,1.3544953861134652,13,3,2,4,0,0,1
2214143,11,1.2490917391168377,12,5,4,5,0,0,0
7223010,60,1.1924369419926653,10,3,1,5,1,-1,0
7661832,43,0.9383755492827731,8,5,5,5,0,0,1
2280136,26,1.3019868917514383,12,2,1,5,0,0,1
1066695,6,0.9611252792165126,9,3,2,1,0,-1,0
5983451,48,1.1245033363515804,6,3,4,5,0,0,0
2167797,11,1.511736036596745,9,4,3,2,0,0,1
5253343,50,0.9847914410474634,11,3,4,5,0,1,0
1002430,6,0.7567526857317847,11,4,2,3,0,0,0
5584795,53,0.8868632020324723,6,1,2,4,0,0,0
1580571,8,1.3985747066719056,11,5,2,1,1,-1,1
5068008,25,1.2136827843450524,9,2,2,4,0,1,0
3297132,37,1.1177806553278116,7,4,4,2,0,-1,1
1844347,9,1.0227265486721075,7,3,1,3,1,0,0
2560666,16,1.2713399768882974,8,4,3,5,1,1,1
4934643,55,0.937723787252444,7,4,3,4,0,0,0
3483460,25,1.2264163921606488,11,2,5,1,0,0,0
4641962,49,0.9671863577967607,7,5,2,3,1,0,0
10701177,60,0.9255851536812364,11,2,2,1,0,-1,0
1278828,6,0.990628141293747,9,2,2,4,1,0,0
8626311,60,1.0561481383790094,10,4,1,5,0,0,1
3480246,23,1.1377925410165741,10,2,2,4,0,1,1
1906404,9,1.2088639487777786,11,2,5,3,1,-1,0
1471527,6,0.7,6,3,5,3,1,1,1
2918346,19,0.9480873605633087,10,4,1,5,0,1,1
5683001,26,1.05210750566099,9,2,2,3,1,-1,0
3028174,20,1.5262655096520823,13,3,4,4,0,0,0
8094480,60,0.8799993479044669,8,4,4,3,1,0,1
1368594,6,1.190699154524978,11,4,3,4,1,0,1
3245391,22,1.5237575774339593,14,5,1,5,0,-1,1
1541958,10,0.8217578675131817,17,4,4,3,0,-1,1
4066036,28,1.2484938064661004,6,4,3,4,0,1,0
5565695,28,0.9494320415163698,1,3,5,4,0,-1,1
2539665,13,1.0238415644276913,14,2,3,3,0,-1,1
685203,6,0.9492222915116713,11,4,2,3,1,1,1
3683481,30,0.9670356728960284,7,5,2,4,0,0,1
4248358,29,1.8304780369766231,13,4,5,2,0,0,0
4166458,26,1.3611139680179163,14,1,1,5,1,0,1
6861724,60,1.425434465446552,7,3,2,2,0,0,0
1719196,9,1.272998371709124,12,3,2,2,0,0,0
4916609,34,0.7484358028995104,11,4,3,3,0,1,0
6685853,55,1.2487394925808266,11,4,3,2,0,0,0
1124498,13,1.4182324036268366,11,3,3,3,0,0,0
3960144,37,0.936650131490222,16,2,4,3,1,-1,1
2415681,11,1.3913316667902815,5,5,5,4,0,0,0
3112965,26,1.3260840524635196,8,4,1,5,1,0,1
4027296,42,1.6130100112034174,8,2,3,4,1,-1,1
2440376,17,1.0455542468715953,10,3,1,2,1,0,0
2179432,18,0.8755972544310682,12,5,3,5,0,-1,0
3336695,44,1.0595929726568636,13,4,2,3,0,0,1
1702575,14,1.5088927482909058,13,3,1,3,1,1,0
1704027,11,0.7,12,1,4,3,0,0,1
4914123,32,0.7,12,1,3,3,0,-1,0
1640847,13,1.1723488197329033,14,2,5,5,1,0,0
4875764,35,1.039352676806461,6,3,2,3,1,-1,0
4314770,20,1.151931973293921,12,3,3,4,0,1,1
1160679,9,1.386327942808966,11,3,1,3,1,0,1
2177006,20,1.0118576634702867,12,4,3,4,0,1,0
6692283,60,0.7,8,1,2,4,0,1,1
1814464,13,1.661120389299986,8,2,5,3,1,0,1
2474026,13,0.9006929281403059,8,3,5,4,1,1,1
4313397,42,0.8852407194969756,11,2,5,4,1,1,0
5230588,29,1.425930003430649,1,1,2,4,0,0,0
2811072,38,1.0538777197396205,13,3,3,4,1,0,0
2284125,17,1.1341525369912973,11,4,2,4,0,0,0
7674563,41,1.2706975310150794,7,4,2,2,0,0,1
9279700,60,1.420895775777499,10,4,3,4,1,-1,0
5881455,38,1.066634826704557,14,4,4,3,0,0,1
3440718,34,1.5299880014785747,10,4,5,3,0,0,1
2012806,11,0.7,7,2,1,5,0,-1,1
1986199,25,1.3399468092382691,14,5,1,1,0,1,0
4472725,22,0.9401181104955856,13,2,3,3,0,0,1
4201864,42,1.4930678291519976,13,2,1,2,0,0,1
7579510,37,1.1855111197076362,7,2,4,1,0,0,0
4829579,39,0.9817736669976496,12,5,2,3,0,0,1
1326629,7,1.315710273255408,9,5,5,5,1,1,1
6145118,52,1.3732970868018128,10,4,1,3,1,0,0
1796163,8,1.3104735307146596,6,3,1,4,0,1,1
2596350,29,0.8925759400917348,13,3,3,2,0,0,1
3798512,39,1.0289957190944787,10,5,3,4,1,1,0
10825342,60,1.1489817907196411,13,4,2,5,0,1,1
21124649,60,1.1396850868374848,11,5,5,3,0,1,0
4704517,47,1.3374363688595867,10,3,1,5,1,-1,1
2928737,13,0.7,9,3,2,5,0,0,0
4505022,20,1.2335817636383757,9,4,5,4,0,-1,0
5568260,44,1.07750466139084,4,2,2,3,0,0,0
2696861,12,0.9403748459040119,10,5,1,4,0,0,1
9598590,60,0.9643783055576001,9,3,3,5,0,0,1
3752911,33,1.096365583870509,11,5,3,2,1,1,0
4406740,25,0.7,8,3,3,3,1,0,1
4874628,28,0.9746776073021124,6,4,4,3,0,1,1
4209910,19,0.9310462938384265,10,3,2,3,1,-1,0
5407861,49,1.283195802330656,13,3,1,5,1,0,1
2257228,13,0.9486183293723698,12,3,2,3,0,0,0
2338496,30,1.0962215499573775,12,5,3,3,0,0,0
1689439,19,1.5355691569153254,15,4,2,4,0,-1,1
4255406,60,1.3985878799538558,11,2,5,3,1,1,1
5216628,23,1.375567849985863,8,5,2,3,0,0,0
4302314,22,1.025031892397287,10,2,4,4,1,1,0
8927933,47,1.285758069822413,7,3,4,3,0,1,0
3258059,22,1.0915255498866014,7,2,3,3,0,0,1
4882876,42,1.1009766973307655,10,4,1,2,0,1,0
1698030,18,1.2524213359366374,11,2,5,4,1,1,1
2591481,22,1.0007516028947667,5,2,1,5,0,1,1
4962015,39,1.5232507761108007,11,5,1,5,0,1,1
5440933,29,1.1099674651005156,11,4,5,3,0,1,0
2740414,18,1.3045901415649162,12,2,4,4,1,0,1
3131555,38,1.5139001198143245,11,4,3,5,1,0,0
1314906,18,1.4079134436437937,13,5,2,3,0,1,1
2638661,30,0.7977702243273688,11,1,4,5,1,1,1
5577381,42,1.2612239737524709,13,4,3,5,0,0,0
4616387,21,1.3626798486151617,8,3,4,3,0,0,1
4414474,26,1.372965755540187,15,4,5,3,0,0,1
3368116,17,0.8716762914713421,12,3,1,2,0,0,0
3282900,23,0.9857411907456689,13,4,5,2,0,-1,0
2199646,17,1.3986395589354053,9,1,2,5,1,-1,1
4971822,57,0.9595599073293385,8,4,5,5,1,1,1
4208360,20,1.0750759858339214,9,1,1,2,1,0,0
4391631,23,1.5439689523754923,13,3,4,4,1,0,1
2384211,25,1.1380501874038025,7,2,3,4,1,1,1
898061,6,0.9683064655415392,10,4,2,3,0,1,0
6314073,44,0.9305956607842736,5,3,4,4,1,-1,1
2452693,14,1.2331798323962968,7,3,3,5,0,-1,0
1948040,9,0.8167129978806977,10,3,1,2,1,0,0
4955890,31,1.0881660090258953,12,4,5,2,0,1,0
2583853,17,1.2333076337475053,10,3,4,1,0,-1,0
6174644,60,1.4747874551369167,7,4,3,3,1,0,0
4733633,59,1.316887020092499,11,1,3,3,1,1,1
4926511,50,0.9714837205044552,12,2,5,3,0,1,0
1440393,19,1.44460482939093,4,3,4,4,0,0,0
6764280,37,1.0751212406131305,8,5,4,4,0,-1,1
3823781,21,0.8410742444876477,9,1,1,3,1,0,0
2619342,28,1.1069896601836318,9,1,4,3,0,0,0
3562713,18,1.5095423002864254,15,2,5,5,0,0,1
1126086,12,1.1913100125162313,17,3,4,5,0,0,0
4177366,36,1.1531304660824464,16,3,1,3,0,0,0
1762734,16,1.5593029111757133,9,4,3,3,0,-1,1
1451920,11,0.7921612882363931,12,1,4,5,1,1,1
1311372,12,0.8286002214868069,12,2,5,2,1,0,1
6373204,44,0.7460383822582919,9,3,4,3,0,0,0
2241020,17,1.2431620466200137,6,3,2,3,1,1,0
8204855,37,1.191623281778781,11,4,1,2,0,0,0
2370281,30,1.535684091819944,6,2,3,2,0,1,0
1173598,12,1.2108687692841924,6,5,2,3,0,0,0
1672926,21,1.0489607101301743,7,3,5,4,0,0,0
6861845,41,1.1504487182195267,14,4,4,5,1,0,1
2977102,38,1.1794268546152393,12,3,1,5,0,0,1
2352590,12,0.7320596816679581,9,2,4,2,1,0,0
3598439,24,1.8275829110837232,7,4,4,3,1,0,1
4417434,29,1.2799677545254777,4,4,4,4,1,-1,1
6391242,41,1.2025020770056472,18,3,4,4,1,0,1
7795830,60,1.303790996069645,6,3,1,3,1,0,0
2634328,26,1.3273527451466511,11,2,2,3,0,0,0
1475299,12,1.114861628624392,12,4,5,3,0,0,0
2550808,16,0.9921897159398247,13,3,2,3,0,1,1
3821556,37,1.299862671580426,10,4,1,2,1,0,0
1833513,20,1.246427710132863,12,2,5,5,0,1,1
1840797,8,0.9475274752276479,8,1,3,2,1,-1,0
4017911,54,1.5047589028418158,6,2,2,5,0,0,1
3174969,16,1.2233380090807457,5,2,1,5,0,0,0
3333982,17,1.3324548405669077,13,3,1,3,0,1,1
2073819,18,1.4979802219199796,8,2,1,4,1,1,0
2846952,31,1.1554722052912085,8,4,5,4,0,1,0
1877515,20,1.2292380017460287,4,2,4,3,0,-1,0
5576762,31,1.352506809626529,10,4,3,3,0,1,0
6083858,36,0.9687847290499869,9,3,5,4,0,0,1
1079800,6,1.1635129157115,10,5,5,4,0,-1,1
1871579,8,1.181387146662787,12,5,2,4,0,0,1
1331853,7,0.9109853620791513,13,4,3,3,0,0,0
2213278,23,1.7294091971684695,15,4,1,3,0,1,1
3109390,29,0.7981766391268993,9,3,5,3,1,0,0
1369851,6,0.8254740240782105,16,4,3,3,1,-1,1
1880191,18,1.4785566439258946,11,5,2,4,0,0,1
1789819,22,1.3283165626991356,8,1,4,5,0,1,1
3701913,21,0.8935087956298055,12,3,3,4,0,0,0
3407899,26,1.3018222537754232,8,2,1,4,1,0,1
2120065,10,1.5169626112493273,10,3,5,4,0,0,0
3634901,21,1.1424342356007535,13,3,4,4,0,1,1
2354860,28,1.7997057250186455,12,3,2,4,0,1,1
2777347,13,0.718984547282991,10,3,1,1,0,0,0
8922361,60,1.3234558634647755,8,5,4,5,0,0,1
7306512,60,1.4416320840552508,10,3,2,1,1,1,1
1498913,11,1.3728359754013115,5,4,1,3,0,1,1
5378066,60,1.0989110683385879,10,3,5,2,0,-1,0
5319223,36,1.0773896294972125,7,3,2,2,0,0,0
1641370,18,1.2610362927718142,5,3,4,4,1,1,1
5342832,41,1.3539386216630174,10,2,1,3,0,0,0
8225578,60,1.3006183590705906,11,3,3,5,0,0,0
1666894,8,1.4100144726983472,7,3,1,3,1,0,1
1885112,9,0.8952825107333161,10,3,4,3,1,0,1
6019994,60,1.0930572552190911,12,3,4,3,0,0,0
3847357,30,0.9149960169690614,7,3,3,4,0,1,0
4551128,36,1.0534718059784645,15,3,4,5,0,0,1
4010207,43,1.4038052229535762,13,3,1,3,1,1,1
4132601,21,1.176995980181307,8,2,2,3,0,1,0
1474923,8,1.8017147907874422,11,2,1,5,0,0,0
6128071,60,1.1983515917974292,11,1,4,2,0,1,1
6594549,52,1.164922970144934,6,1,3,3,0,0,1
2848677,33,1.176545729860054,10,2,3,3,0,0,0
3184843,19,0.990547826785016,11,1,5,2,1,0,0
1304506,14,1.1355408469056014,13,2,3,3,0,0,1
4450615,20,1.4319470067779114,5,4,3,1,1,-1,0
4607677,24,1.1784926670319429,18,1,4,5,0,0,1
3149283,24,0.9516350675291321,12,3,2,4,1,0,0
6417967,40,0.9187288448803411,8,5,2,5,1,0,1
2675250,12,1.037449527083539,11,4,4,4,0,1,0
4587122,29,1.16846585860272,12,3,3,4,0,1,1
1773031,18,1.4483966338690655,9,5,1,4,0,0,1
3223146,25,0.8148778396583907,11,3,2,5,0,0,1
2944317,14,1.0700434305278108,5,1,4,2,0,-1,1
3742201,22,1.1860775048587697,10,5,1,3,0,0,0
2618949,15,0.7,7,4,3,4,1,1,1
3021054,15,0.9416004292583984,10,3,4,5,1,1,0
5366187,26,0.9800278650659533,6,4,2,5,0,0,0
2515397,12,0.9510074065373754,9,4,1,4,1,0,0
1246753,14,1.1979723862554117,13,2,1,2,1,0,0
9339379,60,1.1098600976245505,11,2,2,2,0,0,0
7488450,41,1.011178474349741,11,3,1,5,0,1,1
1505510,8,1.2569906566381586,11,5,2,3,0,0,0
4944689,30,1.5807686794115623,12,1,4,2,0,1,1
2417429,25,1.559814129185438,9,4,5,5,0,0,1
3828916,20,0.7,10,1,3,2,0,0,1
3900184,21,1.2942680459587848,13,3,4,4,1,0,0
2840115,34,1.1054941774840403,12,3,3,4,1,-1,1
2042613,14,1.188788835716339,10,4,3,2,0,1,0
2160122,22,1.0504292416143628,14,1,2,3,1,1,0
1886596,15,1.1793971574718005,9,3,5,2,1,1,1
1984557,27,1.1878518490180046,9,3,3,4,0,-1,0
3139873,24,1.0052620606627691,10,1,3,3,1,1,0
2127682,13,0.9259081130437047,7,2,4,1,0,-1,1
4922028,30,1.0378260793451288,7,4,5,5,0,-1,0
7979191,47,1.2085648161141913,8,3,5,3,0,0,0
2308175,11,1.299749085421066,6,2,3,3,0,0,1
3773987,36,1.3633372443350367,5,3,5,3,0,1,1
4411878,50,1.0264524942332718,11,5,4,2,0,0,0
4339203,21,1.220961141825684,9,1,2,5,1,-1,0
3421443,36,1.3906256479883246,5,3,3,3,1,0,1
5104379,23,1.441398723786032,10,1,1,3,0,0,1
4365963,22,1.1352917864671193,12,1,3,5,0,-1,0
1555647,10,1.0947670687650968,11,2,3,4,1,0,1
5506796,25,1.197781058459098,12,3,2,3,0,1,0
5567042,60,0.8625731317756484,6,4,1,5,0,0,0
2067867,17,1.1015976222411228,11,2,1,4,0,1,0
3344282,20,1.3361465996182824,16,3,1,3,1,0,1
4925800,40,1.3104867823609252,20,3,2,4,1,0,1
2883201,13,1.0824330989090276,11,2,5,5,1,0,1
6223150,60,1.2044295502717917,10,3,1,3,0,1,1
13501664,60,0.9438374149273281,11,4,5,4,1,0,0
2039893,12,1.3258730370562561,12,4,4,5,0,-1,1
1427411,8,1.1305446409658817,7,4,2,4,0,1,0
3922701,36,1.0810121370759653,8,3,5,2,0,-1,0
5040105,40,1.0595690409766532,10,4,1,3,1,1,1
2846156,14,1.1342765332750353,7,2,1,4,0,-1,0
7818133,60,1.0380305887670103,9,4,5,3,0,1,0
1464224,7,1.3145357590006408,11,5,5,5,1,0,1
4954224,32,1.0511791129959547,13,1,4,3,1,0,0
2272709,12,1.5482410240068452,13,3,2,3,1,-1,0
9171640,51,1.5163026258703451,15,3,3,4,0,0,0
10804888,60,0.9271141275363737,8,4,4,4,1,1,1
2063689,13,1.16742606735732,8,2,4,3,1,1,1
2350798,11,0.9873358446659511,10,5,4,2,0,0,1
5475273,40,1.068338109202847,10,3,1,4,0,0,1
2591433,12,1.650606866911199,7,2,5,5,0,-1,1
3181149,23,1.0731071457210501,10,1,2,4,0,0,1
3319195,36,1.2400565092693572,6,4,1,3,0,0,1
1033225,8,1.2853303235020694,9,1,4,2,0,-1,0
3241988,15,0.8998426568791897,9,2,2,5,0,0,1
2161176,18,0.9362261313976987,8,3,1,5,0,0,0
2431761,12,0.8484944071479702,11,3,3,3,1,-1,1
7773096,38,0.9285073165255557,12,4,4,4,0,-1,1
1538157,12,0.7,9,3,1,3,0,0,1
5324999,60,1.2861456001984068,11,4,1,4,1,-1,1
2765196,15,1.6635484603140174,11,5,4,5,0,1,1
2763874,23,1.1869551847591318,9,2,3,2,0,0,0
5252544,28,0.7959327851648481,4,4,5,4,0,-1,0
4008913,29,0.989305904275013,14,5,3,3,1,1,0
4603685,32,1.0352807887437507,11,4,4,3,1,0,0
5843910,31,0.895603805696656,13,4,5,4,1,0,0
2679698,21,1.365045659598789,10,2,1,1,1,0,0
2264032,16,1.3525650110938334,10,3,3,4,0,-1,1
1704717,13,0.861137051545585,15,3,3,3,1,0,0
1992207,15,1.331270261111877,9,4,5,4,1,0,0
19181496,60,1.5317031658943163,11,5,1,2,0,1,0
6898453,36,1.6256395513073898,10,1,3,4,1,0,1
1453311,11,1.8663030057714907,10,1,5,4,0,0,1
1478480,9,0.9245018376392006,13,1,3,5,0,1,1
4364960,25,1.8560551065988007,12,4,1,5,1,0,0
4539642,41,1.0614484028728028,7,2,1,3,0,0,0
4544054,40,1.0018836361548713,12,3,2,1,0,0,0
2805315,13,1.2317680937194613,13,3,5,4,1,-1,1
3031983,16,1.0044846664767468,9,3,4,4,1,1,1
3979742,25,1.2497610351616315,9,2,3,1,1,1,0
3441905,20,0.8199807030656745,11,4,1,2,0,0,1
863215,11,1.0903118494841413,11,3,3,4,0,1,0
2847979,17,1.4713955585904197,8,5,3,5,1,0,0
1961374,13,1.135734677142211,8,3,4,5,0,0,1
3631392,23,1.1853989466849706,13,2,1,2,1,-1,1
19602259,60,1.2688146511793277,11,2,2,3,1,0,0
4075438,49,1.442665407329415,15,5,5,1,1,0,1
2708436,27,0.7361938219526416,11,4,3,3,0,-1,0
5683517,26,1.2961310129593586,7,1,4,4,0,0,0
4367113,33,1.082965215189559,8,4,4,4,1,1,0
4206143,30,1.1916594738279596,9,3,5,3,0,1,0
4704877,60,1.414987542440594,19,3,5,2,1,0,0
11228055,60,0.8514533371470389,12,2,1,3,1,0,1
1658570,9,0.8968388896392275,7,4,3,5,0,-1,0
4343448,28,0.7,8,1,3,3,1,1,0
1875097,12,1.0127102645590558,11,2,5,3,0,1,0
4562163,42,1.482608086094704,13,3,2,4,0,0,1
1883774,10,1.1198532028816326,9,2,3,4,0,-1,1
2544844,26,0.8149687760863035,12,3,4,5,1,0,1
2738568,27,1.0285803138562382,8,1,5,3,0,-1,1
5870732,42,0.7780345741273442,5,3,3,4,0,0,1
5672115,50,0.8687034745672095,7,5,1,3,0,0,0
1548147,14,1.2472047275659282,6,3,5,5,0,0,1
3378561,20,0.8565316684234927,10,3,4,4,0,0,1
2135586,12,1.4281585763008253,10,3,1,5,0,-1,1
1536314,7,1.1322199272924158,15,3,5,2,1,1,0
2869905,21,1.1713986759861312,9,4,5,4,0,-1,0
2716650,33,1.0804067580980263,6,2,3,3,0,1,0
14020483,60,1.3432119596359307,11,4,1,1,0,0,0
4238736,19,1.3457899719442525,5,4,5,2,1,0,0
1430349,8,1.2337635879780429,9,4,4,4,0,-1,0
2329433,13,1.291197276476912,10,1,1,3,1,1,1
6033452,60,1.0969775825198935,15,1,3,5,1,0,1
11445024,60,1.285550751727262,7,3,2,4,1,0,1
1262254,16,1.0655305561315482,6,4,5,1,1,-1,0
1058163,6,1.1505579055406003,8,3,2,4,0,0,0
10044935,48,1.0813390626584256,10,2,5,2,1,0,1
4129919,19,1.035695365170201,8,1,3,3,0,1,0
1941602,12,0.9777220505695523,17,4,3,4,1,1,1
4505355,32,1.2669225259647212,4,4,3,5,1,1,1
672361,6,1.4776514782033656,6,2,3,3,1,1,1
3275644,19,1.4427754929173897,11,1,1,5,0,-1,0
3979603,49,0.8358586660136411,10,3,1,4,0,0,0
5691942,40,1.4723007628517182,9,3,5,3,0,0,0
1779178,16,1.0704603745955177,13,4,1,4,0,-1,0
3441480,24,1.3001832537863978,10,4,5,4,0,1,0
1876174,13,0.9234461669881971,8,3,1,1,0,-1,1
3810344,24,1.1854949784685012,9,2,1,5,1,1,1
1910340,15,1.2284307957242266,12,4,1,4,0,1,0
2559031,27,0.7788488020200868,12,5,4,3,1,0,0
1798584,12,1.3020667915860473,14,5,3,5,0,-1,1
4831568,24,1.4864837519595788,9,4,4,2,1,-1,0
5471539,32,1.1063380135795928,16,3,1,5,1,0,1
2839753,23,1.4900420327070032,15,4,1,3,0,0,0
3344884,15,1.102576626636898,8,4,4,4,0,0,0
1370717,6,1.3623961327616543,10,4,5,3,0,0,1
2731042,26,0.7,7,2,3,4,1,1,1
3172013,41,1.754694444828366,15,5,5,2,0,0,0
15751967,60,1.523864561310739,11,3,3,3,0,-1,0
1677507,8,1.0788436239365802,10,2,2,2,0,1,0
7869509,36,0.7,6,2,3,5,0,0,0
5945322,29,1.2220070920763721,12,3,5,3,1,0,0
3868517,24,0.7890186132315606,16,3,3,4,0,1,1
9390154,60,1.261213384389372,11,1,2,5,0,1,0
4086761,55,1.2528914297910705,9,4,2,5,0,1,1
4128792,38,0.9146492077494937,7,4,1,2,1,-1,1
3166468,22,1.4302417559035943,14,4,2,5,0,0,1
6811625,41,1.3513936757015432,11,2,4,2,1,-1,1
6311484,41,1.3939558343221408,10,4,5,4,0,1,1
2245847,12,1.1522144259172238,17,1,4,4,1,0,1
1481331,13,0.7961189832715733,10,3,4,1,1,-1,1
2894177,18,1.3944680680527843,10,3,5,3,0,1,0
2022766,24,1.0824071502160522,13,4,4,3,0,1,0
3146764,23,0.8025549642018326,14,3,4,3,0,0,1
6868545,37,1.4880098414935814,9,1,4,5,1,-1,1
2484591,14,1.6748518801256274,9,3,2,3,0,0,0
3186093,14,1.1396879677551992,15,3,5,5,0,1,1
3384827,30,1.6897802886508229,9,5,5,3,0,0,1
5438743,37,1.1728286821528373,11,5,5,5,0,-1,1
849044,7,1.0548860239584121,10,2,4,4,0,-1,1
2271565,16,0.9923853864536305,12,2,2,5,1,1,1
3710845,18,1.5592706019981855,11,2,5,2,1,0,1
6716296,38,0.9549640296530569,10,4,3,4,0,1,0
2433542,12,1.3338173274937468,10,1,5,2,1,0,1
1060306,10,1.0102090412351978,8,2,1,3,1,0,0
4741323,23,1.0349233093564092,11,3,3,4,1,1,1
2232834,28,1.4075624234923916,9,2,5,4,0,0,1
1601097,7,1.0549907884276615,8,1,4,1,0,0,0
2247643,18,1.0488011551449266,7,3,5,4,1,-1,1
2926403,24,1.4332011742937016,7,2,2,4,1,-1,1
2274232,15,1.5493493233054056,8,3,2,2,0,1,0
870358,6,1.3111724508210583,6,5,5,4,0,1,1
5599790,60,0.9863075560940127,4,2,4,4,0,0,0
7024573,57,1.022347875175605,9,3,4,2,0,-1,0
4832687,24,1.1699788159350093,3,5,4,4,0,0,0
1651820,12,1.2302325154814142,13,4,5,4,0,1,1
2896764,29,0.903033522465057,12,3,5,5,0,0,0
3256251,24,1.330759484894966,9,4,1,3,1,1,0
4682190,36,1.1713783324098996,17,1,2,5,0,0,1
4881701,23,0.7210729203404675,10,4,3,2,0,1,0
2104304,11,0.9177683793848173,11,5,3,3,0,1,0
3433866,23,1.023967831587084,12,3,2,2,0,-1,0
4301043,19,1.131785577789736,10,3,1,5,0,1,0
7830159,56,1.622319698875999,10,2,2,4,1,-1,1
4988789,60,1.209542826534907,10,3,1,1,0,0,0
5248400,48,0.9398070275253436,8,3,1,1,1,0,0
3437640,25,1.2051577010767907,8,4,4,3,1,0,0
7619912,60,1.0619780631365296,8,1,2,2,1,0,1
4180149,19,1.2311895598833853,11,3,3,4,1,0,0
1950014,10,1.2951419217589035,7,3,5,4,1,-1,0
7587570,60,1.4523076618059845,5,2,5,5,0,-1,1
4969063,31,1.1439283760824934,10,2,2,5,1,0,0
2505937,14,1.5597401318999582,11,2,5,4,0,0,1
2451729,11,1.3770056656340477,10,4,1,1,0,0,0
3905691,19,0.973140113796953,10,3,5,3,0,0,1
4316307,29,1.7024639164371158,12,4,1,4,1,1,1
3679823,19,1.2317486283175243,11,2,1,3,0,0,1
3940370,25,0.9412188740069412,12,5,3,4,1,-1,1
9065390,59,1.5632282628076053,11,4,5,5,0,0,1
6217794,60,1.669444396299611,10,3,3,5,1,0,0
3665155,41,1.1417436840701098,12,1,5,2,0,0,0
5750436,38,1.0240874349061009,8,2,1,3,0,0,1
1759403,15,1.1069062606365845,15,5,5,5,0,0,1
4150569,56,1.3286829318794249,4,3,3,5,0,-1,0
9680109,54,1.4694641637576284,6,3,4,3,0,0,1
2868134,38,1.2926218327158934,13,2,3,4,1,0,0
1965819,12,1.1754308021179423,9,4,4,4,0,0,0
2210538,14,1.5245029425761067,12,2,2,3,1,0,0
1700138,7,1.0717908817371193,14,3,3,3,0,0,1
2041392,14,1.4077298345917266,6,3,5,5,0,0,0
2617408,32,1.0779843004121803,14,3,4,4,0,-1,1
1406563,9,1.2577557395027232,8,3,5,2,0,1,0
3299795,16,1.121609358802387,8,3,4,4,1,1,1
5617325,25,1.1360369543367972,7,4,3,4,1,0,0
1896169,14,1.0556533706344475,15,4,3,5,0,-1,1
8134056,60,1.4862135077951735,7,4,5,3,1,-1,0
4441378,21,0.9667684904728662,6,2,3,5,0,0,1
6066839,60,0.9649419368628228,10,4,5,2,1,0,1
2202930,13,1.6802483914612774,10,2,1,4,1,0,1
5458666,41,1.3944618911635827,6,2,4,4,1,0,0
1697792,22,0.7,11,5,5,3,0,0,0
5576927,45,1.0086853151973991,12,4,4,3,0,0,1
3624053,33,0.7,8,3,1,5,0,0,1
4555977,26,0.9123273266461861,9,4,4,4,1,1,1
1614673,7,0.7,8,5,5,3,1,0,1
1910657,17,1.1157526055765143,6,3,3,2,0,0,0
4677792,24,0.8645145452096721,12,3,4,1,1,-1,0
1850545,23,1.1649763141991094,11,4,4,2,1,0,0
4316363,28,0.7437196852793687,5,2,1,5,0,0,0
1439371,17,1.1707279632930099,12,2,2,4,1,0,0
5437905,25,1.046270930469918,6,4,3,5,0,0,0
1560451,8,1.5254882412971489,11,3,5,1,0,1,1
4553378,26,1.502839215436406,8,2,1,4,0,-1,0
4758193,24,1.3463364007525707,6,3,5,1,0,0,0
2152061,12,1.0683465548346969,9,3,5,4,1,1,0
4635320,21,1.6463450988150732,8,5,4,3,0,0,1
3821927,21,0.7617411805400447,14,4,1,2,0,1,1
2365961,11,0.7991103426090842,8,3,1,4,0,1,0
1784889,12,1.1290542250277338,9,5,3,3,0,0,1
1006937,11,1.7135095272302796,7,5,2,4,0,0,0
4032068,27,1.099415273282478,7,3,5,4,0,1,1
1278398,14,1.1041886891976795,15,5,3,4,0,1,1
3461479,21,0.7895224109720476,9,3,3,5,1,-1,1
2791057,19,1.3864823963175945,15,2,5,3,1,0,1
4913443,30,1.3882940635823384,9,2,4,3,0,0,0
2727163,38,1.3472688003499773,8,4,4,5,1,1,0
2682692,27,0.9926948317881593,8,3,5,4,1,0,0
5071374,35,0.9733233079067485,18,4,1,1,1,1,0
3996920,18,0.8267194373987573,7,4,2,5,1,1,1
3951846,30,1.1709681254402333,8,1,4,2,1,1,1
4332089,32,0.8798981676803745,14,1,2,2,0,0,1
1301016,7,0.8556458736876777,4,3,3,2,0,0,1
5147765,32,1.0440773207723308,11,2,3,2,1,-1,0
4720764,41,1.027710956203946,10,3,5,1,0,0,0
1776205,13,1.0155053677945112,14,3,5,2,1,0,0
2823680,27,1.2666111492100653,13,3,5,3,1,0,1
3192821,14,1.1697619505375698,12,3,4,3,0,0,1
3015577,33,1.0779609923722204,7,3,2,2,1,0,0
3994048,31,1.1957532320778703,9,4,3,4,0,1,0
7716103,60,0.9021182397238419,7,5,2,3,1,0,0
6256053,60,1.1763196559774194,9,4,4,1,0,-1,0
1487590,7,1.1876506232111583,14,3,2,3,1,0,0
4748037,47,0.7742382851606298,19,2,2,3,0,1,0
7256150,60,1.3989234385925904,10,4,5,3,1,1,0
4122973,29,0.9296415736932511,9,5,2,3,1,0,0
6290733,60,1.1725774498016086,11,2,2,4,0,0,1
10933721,60,1.4411029351338174,10,2,2,4,1,1,0
6041879,31,1.3814191894284673,9,2,1,5,0,-1,1
3796481,20,1.1585833471422087,16,4,3,4,1,0,1
6119880,29,1.0593752492794828,8,3,3,3,0,0,1
3565920,17,1.3868779771438917,13,1,2,3,1,0,0
3316238,19,1.3186737444521548,5,4,5,4,1,0,0
2647566,34,0.9954087449889675,10,3,5,2,0,-1,0
8352304,44,0.9512765882495773,17,3,5,3,0,0,1
2000570,10,0.7,12,3,3,3,1,-1,1
8198162,43,1.1885079604208968,7,2,4,4,0,0,1
4412352,30,1.1293255637454003,10,3,2,5,0,0,1
1411856,13,1.4340478436606354,8,3,3,5,0,0,0
4075848,20,1.2397637733700915,10,3,5,2,0,-1,0
927255,6,1.4835572985431726,7,4,3,3,0,0,1
4757842,21,0.9756589430209572,8,4,3,5,1,0,1
5560168,59,1.4345375827419045,8,2,3,4,1,0,1
2291200,22,1.0177709052238362,16,3,5,3,1,0,0
3520552,34,1.3443990154480678,6,4,4,4,0,0,0
10559056,55,0.7853104018673265,10,1,1,4,0,-1,0
2413411,24,1.208783824841547,15,1,2,5,0,-1,1
1731771,21,0.7,9,3,2,4,1,0,0
7952509,36,1.0832156285145613,11,3,3,3,0,0,1
10612597,60,1.2600884984694782,6,2,4,4,0,0,1
3276274,16,1.0197578621922259,5,4,5,5,0,1,0
5997647,48,0.8873905928110081,9,3,1,4,1,1,0
7310962,37,1.3615296173239833,8,5,1,4,1,1,0
2093838,13,1.124134302538269,11,2,3,5,0,0,1
2443193,11,1.027607338242332,9,4,3,4,0,0,0
6841548,32,1.160473980288569,6,1,5,3,1,1,0
8984474,60,1.8091672854863972,9,3,5,4,0,0,0
4582377,56,1.438375712445386,13,3,5,4,1,0,1
1928226,17,1.44064341704696,11,3,3,1,1,-1,0
10769586,60,1.2588865797480908,11,4,4,3,1,1,0
2377160,11,1.1916213181442867,11,1,3,4,1,0,0
2673548,19,0.7,11,3,3,3,1,0,0
4014417,24,0.9802549133842169,9,2,1,4,1,0,1
8306062,60,1.0298563966993812,9,4,5,3,0,0,0
5456868,28,0.7,9,1,2,5,0,1,1
4192967,19,0.8606460524461415,13,4,5,3,1,0,1
4316576,39,0.7,4,4,4,2,0,0,0
3355491,23,1.1404190410756567,14,4,4,3,1,0,1
4569359,55,1.354691492712204,7,2,5,4,0,1,1
716593,6,1.4266936296560822,9,3,5,3,1,1,0
2736076,18,1.2536961155198103,10,1,3,3,0,1,1
3778331,41,0.9091509147003577,14,4,2,4,1,1,0
1638663,12,0.7,9,4,3,3,0,-1,0
4121773,34,0.7107828251496244,10,3,1,4,1,1,0
2891590,19,0.8327543556863752,10,4,1,4,0,0,0
9372453,59,0.9277850754910812,9,1,4,4,0,1,0
8400584,60,1.1100628755021034,10,3,4,3,0,0,1
2471947,13,0.8964589454682579,12,2,2,4,1,0,0
2986155,16,1.2347439734170653,12,5,4,3,0,0,0
3127146,25,1.0919316243001318,9,4,1,5,1,-1,1
2493017,31,1.1526364279352563,12,4,2,5,1,0,0
3674821,20,1.435062638167801,8,5,1,3,1,0,1
2074085,9,0.8549420664499074,12,3,5,2,1,-1,1
1658842,15,1.254676144573092,11,5,5,2,0,1,1
4749864,40,1.1465066928809815,10,3,2,3,1,1,1
4769336,48,1.066628429757576,14,4,3,4,1,1,0
2017582,12,1.37131408021649,11,4,4,4,0,1,0
5594045,60,1.3697535386392516,13,1,2,3,0,0,1
2237910,18,0.9133773010028929,10,3,4,4,0,0,0
3805276,21,1.1044598540355188,8,1,1,5,0,-1,0
5347856,34,1.2203029206460163,10,5,3,4,0,1,0
3203749,25,1.0817483129943537,9,2,4,2,1,1,0
4294495,32,1.2962553330719495,10,3,5,4,1,1,1
2397991,15,1.2202980044775689,12,4,5,4,0,1,1
2905511,40,1.608140310089003,10,2,1,5,1,0,1
2889183,35,0.767430216017553,12,3,2,3,0,0,0
2088701,10,1.1193910025631506,10,3,4,3,0,1,0
2940045,35,0.9228743721219521,9,2,1,4,1,0,0
1290872,7,1.3010268638597609,14,4,5,4,1,0,0
2434635,11,0.7457070274886137,13,2,5,4,0,0,1
2755404,24,1.2365781775562215,6,2,5,1,0,0,0
2803255,22,0.9924878921629147,15,3,3,4,0,1,1
2828060,18,0.9664595334697463,9,3,3,2,0,0,1
3150089,15,0.788375449114828,5,5,5,3,1,0,0
4358615,20,1.0337310134497484,11,4,2,4,1,0,1
5524538,30,1.4211251325727314,7,3,3,2,1,0,1
2213622,26,1.14370282911763,11,3,4,3,0,1,0
1588148,9,1.3069201044686185,8,3,3,4,1,-1,1
1749382,13,1.5661604554915687,13,2,4,4,0,-1,0
2440413,17,1.2159388962056439,9,3,3,2,1,-1,0
2646761,34,1.0103001069844146,9,4,5,4,0,1,0
2059558,20,1.2668130537956974,6,3,4,2,1,0,0
1502032,7,1.013925963421427,10,2,2,3,1,1,0
2486352,18,1.0238943291757074,8,3,3,3,1,0,0
3644960,31,0.7700268000952537,6,1,3,2,0,0,1
4671625,36,1.381564372771098,9,4,5,5,1,1,0
2339730,11,1.05349935608764,5,3,4,2,1,-1,0
2551523,13,1.1955245614539654,9,3,5,4,1,0,1
1874740,16,0.89100951784834,10,3,4,5,0,0,0
3207930,36,1.258986907428868,7,5,3,5,0,0,0
1964882,18,0.959514690466229,9,1,3,3,0,0,1
4610637,22,1.114572819574544,13,4,3,5,0,-1,0
1119597,7,1.3694565078097813,9,3,3,5,1,-1,1
2634548,17,1.3476898280581322,10,4,1,2,1,0,1
3916325,24,1.1444924818707647,10,4,3,3,0,1,0
3650229,29,0.7079672418233203,9,2,3,2,1,-1,0
16449739,60,1.8982026425151601,9,4,4,4,0,0,1
4032431,27,1.5864647425682838,8,4,3,4,0,-1,0
1789715,20,1.3306687062220746,12,1,3,3,0,0,1
3087034,34,0.9616990546022572,3,2,4,4,1,0,1
1126078,7,1.1216019595745088,12,3,3,1,1,1,1
3114689,14,1.0141448925558707,11,4,3,5,0,1,1
1983089,17,1.465963984774097,9,4,5,1,1,0,0
5661696,28,1.2156257227129583,8,4,1,4,0,-1,0
2350822,12,0.9539590354100417,12,4,4,2,0,-1,1
3047830,28,1.0323112252188045,8,4,5,3,0,1,0
2232573,29,1.430297035642476,12,3,2,4,0,0,0
9279431,60,1.5500244617051195,12,2,2,3,1,-1,1
2695931,15,1.5320828908715614,7,5,1,4,1,-1,0
9816097,60,1.3392580162634942,6,1,2,5,0,0,1
5328024,42,1.0868437827993407,8,3,1,1,0,0,0
4365485,30,0.7,12,4,2,5,0,1,0
4078500,22,1.2242900059520554,14,3,2,2,0,0,1
4140298,47,1.1495428102889749,8,1,5,2,0,0,1
1028278,7,1.1849955240803383,9,1,2,2,0,0,0
2765328,19,1.1634743367583016,7,3,1,5,1,0,1
5428073,35,0.8184344595127107,11,5,3,2,0,0,0
3174503,16,1.2893521392127962,12,3,3,5,0,1,1
1406881,14,1.3080540785079624,3,3,3,5,1,0,0
3167829,16,1.3205846955149148,11,3,1,3,0,0,0
9087980,52,1.3866442508933465,10,2,1,4,0,1,1
6907615,45,1.3010129112304056,8,1,3,4,0,-1,0
3149636,18,1.0474926471152721,12,2,2,3,0,0,0
5785524,43,1.1322907880209774,11,3,3,2,0,0,0
2623699,28,1.1727812168133442,5,2,4,3,0,1,1
1176056,6,1.1769248622766546,9,1,1,4,1,-1,1
1877253,12,1.3995544139929323,6,4,4,4,1,0,1
8349675,50,1.3109171882556225,12,4,4,3,1,-1,0
2773454,22,1.6693358598924881,13,5,1,2,0,-1,1
2824860,13,1.701617244971168,7,3,3,5,0,1,0
2730777,17,1.1699123956534812,12,1,5,1,0,0,1
10246860,60,0.7,8,4,4,4,0,1,0
8671699,60,1.4592081165318165,6,2,3,1,0,0,1
12375981,60,1.0149059152532363,11,4,5,5,0,0,0
2971486,15,0.9496290195422482,8,4,4,5,0,1,0
3903463,27,1.0503886812526582,5,4,3,3,0,0,0
1315877,6,1.0383392382963483,6,5,4,2,0,-1,0
7929976,60,1.3030674525263481,6,4,3,3,0,0,0
1622262,12,0.7601410552184436,12,4,2,3,0,0,0
3723093,18,0.8805698135520995,14,2,2,3,0,0,0
1692332,8,1.235789638549354,6,5,1,4,0,1,1
2296001,13,1.3057360076033269,13,2,5,3,0,1,0
1978090,9,1.310385411234003,9,5,4,3,0,1,1
2269964,27,0.9532409302666751,10,3,4,4,0,1,1
2365562,11,0.9054335876834398,11,2,3,4,0,0,1
2352616,19,1.02334129155302,5,4,5,3,1,0,1
5389700,55,1.2099681880711812,6,1,4,4,0,0,0
1684673,15,1.5213693423181374,11,4,5,4,0,1,1
3731514,28,0.7,12,2,5,4,0,0,0
6788737,60,1.0948178107604083,6,4,2,3,0,0,1
2402648,20,0.816830389743699,17,4,4,1,0,-1,0
2124928,23,0.7369393306616274,5,4,4,5,1,0,1
2846740,24,1.391739161336204,14,3,1,5,1,0,1
6634773,42,1.2861561436248345,13,1,5,4,0,0,0
3672798,26,1.2623583789868156,15,4,3,2,1,1,0
2376813,19,1.3802564599327483,9,2,2,4,0,-1,0
4370229,24,1.0300702758084659,6,3,1,5,0,1,1
1687273,8,1.0418406209166178,11,3,2,3,1,-1,1
4919983,26,1.6964326541806436,9,3,3,2,0,1,1
4177252,34,1.0883572364351064,10,2,1,4,0,0,1
2717750,14,1.3337830282635228,10,2,2,5,1,1,1
1976520,21,1.1515953852408287,9,2,3,1,0,-1,0
1920298,21,0.7,10,4,1,4,1,0,0
4505864,36,0.7,12,1,3,4,1,1,0
6833778,35,1.0052539450150237,7,5,1,4,1,-1,0
2230230,20,1.4140253129174971,13,2,4,4,0,-1,1
4303899,54,1.3470729141590008,7,2,4,4,0,0,0
934515,10,1.3785192910560082,11,3,2,2,1,-1,1
2301863,11,0.9032384552659211,5,1,5,3,1,-1,1
3208662,19,1.5539681225305784,13,3,5,4,0,0,0
1893978,17,0.9087766749534039,9,4,3,1,1,0,0
1863740,12,1.203206099667492,13,1,1,4,0,0,0
2189825,14,1.1474119275230656,9,4,4,4,0,1,1
3895433,23,1.1065315449213533,11,3,5,3,0,0,0
2921484,27,1.4846480345739015,10,2,4,4,0,-1,1
853466,6,0.9737223699585098,17,2,3,4,1,0,0
915824,7,0.8125986860720179,8,5,3,3,0,0,0
2271340,13,1.1549988715516046,4,2,1,3,1,0,1
4302091,59,1.0500433164283682,6,4,5,5,0,0,1
628755,6,1.9943457297706613,6,3,3,3,0,1,1
2422139,19,1.3191268691099935,9,1,3,4,1,1,1
2383906,15,1.0476648561953439,8,3,4,1,0,-1,0
7519443,60,0.8859721077032283,16,4,2,2,1,0,1
2594714,13,0.7,8,4,5,2,0,0,0
4113535,40,0.8936952285656417,11,3,1,4,0,1,0
3558160,20,1.178735442939783,12,4,1,3,0,1,0
910418,6,1.5068321628986923,4,2,4,3,1,0,1
5183154,33,1.4304222855969797,18,5,1,4,0,0,0
3720013,20,1.2072737079115947,9,4,3,2,1,0,1
4434658,26,1.0692080835743787,10,4,5,3,1,0,0
34474918,60,1.2172030891030385,12,4,1,3,0,0,0
936151,6,1.020340500628856,7,3,5,3,1,0,1
9200956,60,1.5795909989409689,5,4,1,4,0,0,0
2751155,17,1.1027024546812298,9,3,2,3,0,0,1
3884082,21,1.1284155354383183,13,3,2,3,0,0,1
3180956,25,0.7,13,3,5,5,0,1,1
2534376,21,1.101141288369309,3,2,2,5,0,0,0
2322373,16,1.3591210344912352,8,3,2,5,0,0,0
3983634,20,0.8830693557403636,7,2,3,5,0,1,1
1315458,6,0.9623199163767967,11,2,1,4,1,0,1
5128621,33,1.3481777544334161,11,3,2,4,0,-1,1
2546634,15,0.7808356941204866,7,4,5,4,1,-1,0
1659386,8,1.4144502518854796,11,3,3,4,0,0,0
2495481,29,1.0169640274567244,9,4,2,4,1,-1,0
6950259,60,1.052857944877199,16,2,5,2,0,1,0
2370944,13,0.8690303987186014,12,3,1,5,0,0,0
4053422,20,1.2445115651069707,9,2,2,4,0,-1,1
2108371,10,1.764967996257345,9,2,5,5,0,1,1
5151266,38,1.3453743098651578,9,3,5,2,0,0,0
4932244,59,0.933928684514866,12,3,4,3,1,0,0
9911094,60,1.433905146372869,8,2,5,3,1,0,0
2942180,28,1.0708301135164375,7,3,4,4,1,-1,1
4882621,42,1.4936212453568898,6,4,1,2,0,0,1
3467139,18,1.3516691005410906,12,2,1,3,0,1,1
7113628,60,0.7,14,1,3,2,1,-1,0
2123764,10,0.898980091761243,7,4,4,3,0,0,0
5111498,38,1.3860963057088473,10,1,5,4,1,1,1
2908597,18,1.1879143180362544,6,5,3,5,0,0,0
3145511,37,0.8940610130730373,11,3,3,1,1,0,0
3454027,28,0.9916026211265467,9,3,1,4,1,1,1
3803165,45,0.7,11,3,5,1,1,1,0
3048812,14,1.1279066781184008,9,3,4,2,0,0,0
3718488,19,1.702672431503941,10,1,1,4,0,1,1
8426321,60,1.3512333476830813,9,5,3,4,1,0,0
5904762,57,1.6976042502971058,15,3,2,5,1,1,1
5506791,26,1.370599272447495,11,2,3,3,0,1,1
2487220,20,1.4068698358381728,11,3,2,5,0,0,1
1917351,20,1.643519671936256,14,2,1,2,1,0,0
5798908,37,1.2443158148355564,10,1,4,3,0,0,0
5529611,26,1.10319316962328,7,3,5,2,1,1,0
7909715,60,1.408164379155503,13,3,2,4,1,1,1
2275275,21,1.513460059280471,14,3,5,3,1,-1,1
2848408,13,1.0300088393219478,10,2,1,2,0,1,1
1222378,12,0.9696077294149926,10,3,1,4,0,1,1
2583142,29,1.1847140081077199,6,1,1,2,0,1,0
5944293,38,1.3578747167329155,12,3,4,1,1,1,0
2470924,12,1.3495227621653902,12,3,2,2,0,-1,1
4800774,33,0.7939580999531002,11,4,5,1,0,0,0
2915926,13,1.6279015167658304,10,4,3,4,0,1,0
3970625,23,0.9897087676507873,5,4,1,4,0,1,1
1641933,20,1.083733750777855,10,5,5,3,1,0,0
3440494,15,0.924336410003045,13,5,5,3,1,0,1
543246,6,1.8245822089842718,12,4,4,5,1,1,1
2922243,25,1.2105176675719918,7,5,2,4,0,1,1
1229005,7,0.9372562298296087,4,4,4,4,1,0,0
6740176,58,1.3659808874906114,7,4,4,3,0,-1,0
5211844,60,1.3422839448275081,10,1,5,3,1,1,1
4325345,60,1.103068244105029,3,1,2,5,0,1,1
8142466,59,1.3601516781958458,10,4,2,4,0,1,1
1849914,9,0.9436770097922837,12,3,2,2,0,1,0
9326943,59,1.0267704312626869,8,4,1,3,0,0,0
5719059,26,0.7,10,3,2,3,1,1,1
2836458,25,0.8190122289451092,8,3,5,3,0,1,1
6461500,57,1.6019077014176712,10,4,1,5,0,0,1
1683227,17,1.5603571569305785,14,5,3,5,1,1,1
1993278,21,1.1664471621622405,10,1,4,2,0,1,0
2268991,20,1.5657328617974593,5,4,2,3,0,1,1
2380005,12,1.1099813783479238,13,4,3,4,0,0,0
1734214,8,1.089147424358023,5,3,2,3,1,0,0
6809640,31,1.164127662116389,12,3,4,4,0,0,1
2798760,26,1.1187696011691086,11,1,5,4,1,0,0
4038980,19,1.0962009191099549,6,1,5,4,0,0,0
2321651,19,1.435849526787388,6,3,4,4,0,0,0
1096504,12,1.1875339134890508,6,1,3,4,0,0,1
3844039,19,1.328120441108451,12,2,1,5,1,1,1
1037834,6,1.4078451313193328,6,4,1,3,0,0,1
3137132,33,1.2470464489136832,8,3,2,5,1,0,1
1438355,10,0.9074321685229402,13,3,4,1,0,0,0
10770975,60,0.8117835277589902,12,2,4,3,0,-1,0
5648031,31,1.1871951587018261,12,4,1,1,1,1,0
3483166,25,1.1071859237937662,6,4,3,4,1,0,0
6977658,31,1.1718478572300304,9,3,4,2,0,0,0
1967374,25,1.1459864901878534,4,5,5,5,1,0,0
4529343,36,1.7958934150416417,12,4,5,4,1,0,0
3685387,25,0.8174434360896654,8,4,4,1,0,0,0
3830140,26,0.7,5,4,3,4,0,-1,1
7013953,59,1.2330942083799024,8,2,5,5,0,0,1
5073265,28,1.055894361352951,14,2,3,4,0,0,1
3887334,19,1.2290169674324878,16,1,1,1,1,1,1
1211133,6,1.2959707555710003,15,1,2,5,0,0,1
1837602,9,1.4710261737947243,11,2,1,4,0,0,1
3036981,15,0.7731935449040153,13,4,2,3,0,-1,0
3457386,22,1.0108205255357092,9,2,5,3,1,0,0
1659252,8,1.2571903147201908,11,5,2,3,1,0,0
13894532,60,1.3426158989218067,9,3,2,5,0,-1,1
8119965,60,1.6983623875720963,5,2,4,3,0,0,0
4691537,39,1.3889259927784667,15,3,2,2,0,0,0
3413409,24,1.1358028510284306,12,2,4,5,1,0,0
2878197,25,0.9273910617643345,8,5,2,1,0,0,0
1846585,8,1.008927536820245,11,4,4,5,1,1,1
3424576,29,1.0018242942607234,10,1,5,3,0,0,1
3815764,45,1.3138084071284402,14,5,5,4,0,0,0
1551827,10,1.2142493613964576,7,4,2,2,1,1,1
3994807,50,0.8190876072894552,6,1,3,5,1,0,1
2978244,34,1.0410246327273918,8,4,5,4,0,0,1
